episode,step,score,reward,length,epsilon
1,19,1,-0.3,19,1.0
2,46,0,-10.4,27,0.999
3,84,0,-10.1,38,0.999
4,93,0,-10.4,9,0.999
5,131,0,-10.1,38,0.998
6,140,0,-10.0,9,0.998
7,151,0,-10.2,11,0.998
8,174,0,-10.4,23,0.998
9,205,1,-0.7,31,0.997
10,222,0,-10.6,17,0.997
11,235,0,-10.4,13,0.997
12,244,1,0.3,9,0.997
13,260,2,9.7,16,0.997
14,279,0,-10.8,19,0.997
15,329,1,-0.2,50,0.996
16,407,0,-9.7,78,0.995
17,422,0,-9.6,15,0.995
18,431,0,-10.0,9,0.995
19,493,0,-10.7,62,0.994
20,500,0,-10.6,7,0.994
21,508,0,-10.5,8,0.994
22,520,0,-10.5,12,0.994
23,526,0,-10.5,6,0.994
24,534,1,0.2,8,0.993
25,548,0,-10.5,14,0.993
26,556,0,-9.9,8,0.993
27,565,0,-10.2,9,0.993
28,573,1,-0.4,8,0.993
29,583,0,-10.5,10,0.993
30,597,0,-10.5,14,0.993
31,605,0,-10.5,8,0.993
32,629,0,-9.7,24,0.992
33,663,0,-10.7,34,0.992
34,675,0,-9.7,12,0.992
35,687,0,-10.5,12,0.992
36,709,0,-10.5,22,0.991
37,744,0,-10.8,35,0.991
38,807,1,-0.3,63,0.99
39,827,0,-10.5,20,0.99
40,835,0,-10.5,8,0.99
41,847,2,10.9,12,0.99
42,861,0,-10.3,14,0.989
43,870,0,-9.4,9,0.989
44,887,0,-9.6,17,0.989
45,924,0,-10.4,37,0.989
46,934,1,0.4,10,0.989
47,957,1,-0.1,23,0.988
48,966,0,-9.6,9,0.988
49,972,0,-10.3,6,0.988
50,984,0,-9.9,12,0.988
51,993,0,-10.4,9,0.988
52,1082,0,-10.6,89,0.987
53,1101,0,-10.6,19,0.987
54,1109,0,-9.9,8,0.986
55,1153,0,-10.1,44,0.986
56,1214,0,-10.8,61,0.985
57,1253,0,-10.8,39,0.985
58,1263,0,-10.7,10,0.985
59,1298,1,0.3,35,0.984
60,1306,0,-10.5,8,0.984
61,1328,0,-10.1,22,0.984
62,1336,0,-10.7,8,0.984
63,1352,0,-9.7,16,0.983
64,1360,0,-10.5,8,0.983
65,1368,0,-10.3,8,0.983
66,1386,2,10.5,18,0.983
67,1403,0,-10.2,17,0.983
68,1412,0,-9.8,9,0.983
69,1444,0,-10.5,32,0.982
70,1451,0,-10.4,7,0.982
71,1462,0,-10.2,11,0.982
72,1492,0,-10.5,30,0.982
73,1503,0,-10.6,11,0.982
74,1521,1,0.4,18,0.981
75,1534,0,-10.6,13,0.981
76,1548,0,-10.7,14,0.981
77,1560,0,-10.5,12,0.981
78,1577,0,-10.6,17,0.981
79,1594,1,0.5,17,0.98
80,1620,0,-9.9,26,0.98
81,1631,1,0.3,11,0.98
82,1690,0,-10.4,59,0.979
83,1703,0,-10.8,13,0.979
84,1713,0,-10.1,10,0.979
85,1720,0,-10.2,7,0.979
86,1752,1,-0.2,32,0.979
87,1759,0,-10.4,7,0.978
88,1767,0,-10.3,8,0.978
89,1782,0,-10.4,15,0.978
90,1800,0,-10.3,18,0.978
91,1813,0,-10.0,13,0.978
92,1820,0,-10.0,7,0.978
93,1828,1,-0.4,8,0.978
94,1878,0,-10.5,50,0.977
95,1918,0,-9.7,40,0.977
96,1928,0,-9.7,10,0.976
97,1939,0,-10.4,11,0.976
98,1983,0,-10.7,44,0.976
99,2011,0,-10.7,28,0.975
100,2045,1,0.2,34,0.975
101,2054,0,-10.6,9,0.975
102,2090,0,-10.3,36,0.974
103,2101,0,-10.2,11,0.974
104,2134,1,-0.3,33,0.974
105,2158,0,-10.1,24,0.974
106,2167,0,-10.4,9,0.973
107,2200,0,-10.4,33,0.973
108,2214,0,-9.7,14,0.973
109,2251,0,-10.8,37,0.972
110,2286,0,-9.8,35,0.972
111,2332,1,-0.4,46,0.971
112,2344,0,-10.5,12,0.971
113,2377,2,10.4,33,0.971
114,2389,0,-10.5,12,0.971
115,2408,1,-0.7,19,0.971
116,2452,0,-9.5,44,0.97
117,2477,0,-10.0,25,0.97
118,2501,2,10.1,24,0.969
119,2568,0,-10.6,67,0.969
120,2581,0,-10.4,13,0.968
121,2599,0,-10.5,18,0.968
122,2610,0,-10.2,11,0.968
123,2662,0,-10.5,52,0.967
124,2668,0,-10.3,6,0.967
125,2688,0,-10.3,20,0.967
126,2706,0,-9.7,18,0.967
127,2731,0,-10.8,25,0.967
128,2743,0,-9.7,12,0.966
129,2751,0,-9.9,8,0.966
130,2790,0,-10.6,39,0.966
131,2802,0,-10.5,12,0.966
132,2846,1,0.0,44,0.965
133,2867,0,-9.6,21,0.965
134,2898,0,-10.2,31,0.964
135,2929,0,-10.2,31,0.964
136,2942,0,-10.2,13,0.964
137,2956,0,-10.5,14,0.964
138,2964,0,-9.9,8,0.964
139,2994,0,-10.7,30,0.963
140,3015,0,-10.8,21,0.963
141,3035,0,-10.3,20,0.963
142,3058,1,-0.5,23,0.963
143,3094,0,-9.7,36,0.962
144,3105,0,-10.8,11,0.962
145,3168,1,0.5,63,0.961
146,3183,0,-10.2,15,0.961
147,3191,1,0.0,8,0.961
148,3226,0,-10.2,35,0.96
149,3248,1,0.0,22,0.96
150,3256,0,-10.7,8,0.96
151,3285,0,-9.4,29,0.96
152,3295,0,-10.3,10,0.96
153,3301,0,-9.7,6,0.96
154,3320,0,-9.8,19,0.959
155,3354,0,-10.5,34,0.959
156,3406,0,-9.9,52,0.958
157,3414,0,-10.5,8,0.958
158,3425,0,-10.4,11,0.958
159,3459,0,-10.5,34,0.958
160,3501,1,0.8,42,0.957
161,3517,0,-10.3,16,0.957
162,3527,0,-10.5,10,0.957
163,3539,0,-10.5,12,0.957
164,3560,0,-10.4,21,0.956
165,3566,0,-10.5,6,0.956
166,3580,0,-10.1,14,0.956
167,3586,0,-10.3,6,0.956
168,3602,0,-9.7,16,0.956
169,3625,0,-9.6,23,0.956
170,3633,0,-9.7,8,0.955
171,3638,0,-10.4,5,0.955
172,3658,0,-10.7,20,0.955
173,3697,1,0.7,39,0.955
174,3709,0,-10.1,12,0.955
175,3723,1,-0.6,14,0.954
176,3734,0,-10.4,11,0.954
177,3770,1,0.0,36,0.954
178,3806,0,-9.9,36,0.953
179,3837,0,-10.0,31,0.953
180,3849,0,-9.5,12,0.953
181,3892,0,-10.0,43,0.952
182,3909,1,0.3,17,0.952
183,3930,0,-10.2,21,0.952
184,3957,0,-10.4,27,0.952
185,3987,0,-9.7,30,0.951
186,4003,0,-10.3,16,0.951
187,4027,0,-10.3,24,0.951
188,4047,0,-10.5,20,0.95
189,4167,0,-9.5,120,0.949
190,4219,0,-10.5,52,0.948
191,4236,0,-9.8,17,0.948
192,4272,2,10.7,36,0.948
193,4287,2,10.4,15,0.947
194,4310,0,-10.0,23,0.947
195,4352,1,0.0,42,0.947
196,4363,1,-0.3,11,0.947
197,4390,0,-9.8,27,0.946
198,4468,1,0.4,78,0.945
199,4505,0,-10.6,37,0.945
200,4521,0,-10.3,16,0.945
201,4533,0,-10.3,12,0.944
202,4554,1,-0.1,21,0.944
203,4565,0,-10.2,11,0.944
204,4571,0,-10.5,6,0.944
205,4586,0,-10.0,15,0.944
206,4601,0,-10.2,15,0.944
207,4609,0,-10.3,8,0.944
208,4629,0,-10.1,20,0.943
209,4648,0,-10.2,19,0.943
210,4688,0,-10.1,40,0.943
211,4711,0,-11.0,23,0.942
212,4746,0,-10.4,35,0.942
213,4787,0,-10.6,41,0.941
214,4797,0,-9.7,10,0.941
215,4804,0,-10.4,7,0.941
216,4847,1,-0.5,43,0.941
217,4864,0,-10.2,17,0.94
218,4881,0,-10.4,17,0.94
219,4914,0,-11.0,33,0.94
220,4932,0,-10.5,18,0.94
221,4961,0,-10.4,29,0.939
222,4966,0,-10.4,5,0.939
223,4983,0,-10.4,17,0.939
224,4995,0,-10.9,12,0.939
225,5055,0,-9.9,60,0.938
226,5172,2,10.6,117,0.937
227,5181,1,0.3,9,0.937
228,5198,0,-10.4,17,0.936
229,5205,0,-10.6,7,0.936
230,5210,1,-0.3,5,0.936
231,5223,1,0.3,13,0.936
232,5231,0,-10.7,8,0.936
233,5324,1,0.3,93,0.935
234,5332,0,-9.7,8,0.935
235,5351,0,-10.2,19,0.934
236,5371,0,-10.3,20,0.934
237,5385,0,-9.5,14,0.934
238,5393,0,-10.1,8,0.934
239,5409,0,-9.7,16,0.934
240,5422,0,-10.6,13,0.934
241,5439,0,-10.0,17,0.933
242,5446,1,0.5,7,0.933
243,5463,0,-10.4,17,0.933
244,5472,0,-10.2,9,0.933
245,5481,0,-10.6,9,0.933
246,5515,0,-10.7,34,0.932
247,5526,0,-10.6,11,0.932
248,5545,0,-10.4,19,0.932
249,5560,0,-9.4,15,0.932
250,5638,0,-9.7,78,0.931
251,5653,0,-10.4,15,0.931
252,5666,1,-0.3,13,0.931
253,5684,0,-10.1,18,0.93
254,5706,1,0.0,22,0.93
255,5714,1,-0.4,8,0.93
256,5739,0,-10.4,25,0.93
257,5748,0,-10.6,9,0.93
258,5758,0,-10.3,10,0.929
259,5775,1,0.3,17,0.929
260,5801,0,-10.5,26,0.929
261,5807,1,0.2,6,0.929
262,5815,0,-10.5,8,0.929
263,5827,0,-10.1,12,0.929
264,5832,0,-10.4,5,0.929
265,5844,0,-9.9,12,0.928
266,5924,2,10.9,80,0.927
267,5947,0,-10.0,23,0.927
268,5980,0,-10.0,33,0.927
269,5992,0,-9.9,12,0.927
270,6009,0,-9.8,17,0.926
271,6041,0,-10.7,32,0.926
272,6072,0,-10.0,31,0.926
273,6078,1,0.2,6,0.926
274,6088,0,-9.9,10,0.925
275,6097,0,-10.0,9,0.925
276,6132,0,-10.4,35,0.925
277,6180,2,10.9,48,0.924
278,6199,0,-9.6,19,0.924
279,6217,0,-10.5,18,0.924
280,6269,0,-10.1,52,0.923
281,6285,0,-10.1,16,0.923
282,6312,0,-9.8,27,0.923
283,6330,0,-10.1,18,0.922
284,6368,0,-10.7,38,0.922
285,6398,0,-10.5,30,0.922
286,6407,0,-10.4,9,0.922
287,6465,0,-10.7,58,0.921
288,6486,1,0.7,21,0.921
289,6517,0,-10.2,31,0.92
290,6539,0,-10.1,22,0.92
291,6566,0,-9.4,27,0.92
292,6577,0,-10.6,11,0.919
293,6591,1,-0.4,14,0.919
294,6634,0,-10.4,43,0.919
295,6645,0,-9.6,11,0.919
296,6652,0,-10.4,7,0.919
297,6660,0,-10.5,8,0.918
298,6685,0,-10.2,25,0.918
299,6695,0,-9.5,10,0.918
300,6715,1,-0.2,20,0.918
301,6748,0,-10.0,33,0.917
302,6775,0,-10.4,27,0.917
303,6819,1,0.0,44,0.916
304,6825,0,-9.7,6,0.916
305,6866,1,0.7,41,0.916
306,6924,0,-10.7,58,0.915
307,6932,0,-10.3,8,0.915
308,6974,0,-10.3,42,0.915
309,6979,1,0.3,5,0.915
310,7008,0,-10.2,29,0.914
311,7055,0,-10.4,47,0.914
312,7069,1,0.0,14,0.913
313,7087,0,-10.5,18,0.913
314,7129,0,-10.1,42,0.913
315,7141,0,-10.5,12,0.913
316,7150,1,-0.1,9,0.912
317,7164,0,-9.5,14,0.912
318,7181,0,-11.0,17,0.912
319,7208,1,0.1,27,0.912
320,7274,1,-0.4,66,0.911
321,7281,0,-10.2,7,0.911
322,7300,0,-9.8,19,0.911
323,7319,0,-10.6,19,0.91
324,7337,0,-10.5,18,0.91
325,7353,0,-9.9,16,0.91
326,7361,0,-10.3,8,0.91
327,7428,1,0.7,67,0.909
328,7478,1,-0.6,50,0.908
329,7485,0,-9.8,7,0.908
330,7497,0,-10.1,12,0.908
331,7505,2,10.3,8,0.908
332,7535,0,-10.3,30,0.908
333,7550,0,-10.4,15,0.908
334,7604,0,-10.9,54,0.907
335,7619,0,-9.4,15,0.907
336,7673,1,0.6,54,0.906
337,7680,0,-10.4,7,0.906
338,7688,0,-10.5,8,0.906
339,7842,2,11.5,154,0.904
340,7853,0,-10.4,11,0.904
341,7890,0,-10.2,37,0.903
342,7922,0,-9.7,32,0.903
343,7943,1,0.5,21,0.903
344,7994,1,0.1,51,0.902
345,8028,0,-10.7,34,0.902
346,8050,0,-10.5,22,0.901
347,8058,0,-10.5,8,0.901
348,8068,0,-10.7,10,0.901
349,8129,1,0.7,61,0.9
350,8142,0,-10.2,13,0.9
351,8151,0,-10.0,9,0.9
352,8159,0,-9.9,8,0.9
353,8217,0,-10.1,58,0.899
354,8239,0,-10.1,22,0.899
355,8249,0,-9.9,10,0.899
356,8282,1,1.1,33,0.899
357,8295,0,-10.0,13,0.898
358,8320,1,0.3,25,0.898
359,8334,0,-10.1,14,0.898
360,8408,2,11.1,74,0.897
361,8460,0,-10.7,52,0.896
362,8475,1,0.7,15,0.896
363,8514,0,-10.6,39,0.896
364,8530,0,-10.3,16,0.896
365,8563,0,-10.4,33,0.895
366,8580,0,-10.4,17,0.895
367,8732,1,0.4,152,0.893
368,8750,0,-9.5,18,0.893
369,8762,0,-9.3,12,0.893
370,8833,1,0.7,71,0.892
371,8886,1,0.1,53,0.891
372,8909,1,0.1,23,0.891
373,8962,1,0.7,53,0.89
374,8986,0,-10.5,24,0.89
375,9028,0,-10.5,42,0.889
376,9041,0,-9.8,13,0.889
377,9050,0,-10.8,9,0.889
378,9060,0,-10.5,10,0.889
379,9068,1,0.4,8,0.889
380,9098,0,-9.9,30,0.889
381,9130,0,-10.3,32,0.888
382,9139,0,-10.6,9,0.888
383,9176,0,-9.8,37,0.888
384,9201,0,-10.4,25,0.887
385,9225,1,0.2,24,0.887
386,9247,1,0.2,22,0.887
387,9279,0,-9.3,32,0.886
388,9307,2,9.9,28,0.886
389,9322,0,-9.6,15,0.886
390,9330,1,0.4,8,0.886
391,9338,0,-10.3,8,0.886
392,9356,2,10.3,18,0.885
393,9382,0,-10.5,26,0.885
394,9399,0,-10.0,17,0.885
395,9449,1,-0.6,50,0.884
396,9460,0,-9.8,11,0.884
397,9491,1,0.3,31,0.884
398,9498,0,-10.2,7,0.884
399,9506,0,-10.3,8,0.884
400,9518,0,-9.5,12,0.883
401,9529,0,-10.2,11,0.883
402,9548,0,-10.2,19,0.883
403,9582,1,0.8,34,0.883
404,9589,0,-10.6,7,0.883
405,9611,1,0.6,22,0.882
406,9622,0,-10.4,11,0.882
407,9637,1,0.5,15,0.882
408,9664,1,0.5,27,0.882
409,9696,0,-9.9,32,0.881
410,9758,0,-9.7,62,0.88
411,9793,0,-9.8,35,0.88
412,9815,1,0.8,22,0.88
413,9823,0,-10.3,8,0.88
414,9831,0,-10.1,8,0.88
415,9838,0,-9.4,7,0.879
416,9848,1,0.4,10,0.879
417,9864,0,-9.9,16,0.879
418,9902,1,0.2,38,0.879
419,9910,0,-9.9,8,0.879
420,9926,0,-10.1,16,0.878
421,9956,1,0.4,30,0.878
422,9977,0,-9.2,21,0.878
423,9988,0,-9.6,11,0.878
424,9993,0,-10.4,5,0.878
425,10015,0,-10.1,22,0.877
426,10030,0,-10.6,15,0.877
427,10054,1,-0.2,24,0.877
428,10073,1,0.7,19,0.877
429,10090,0,-9.6,17,0.876
430,10102,0,-9.7,12,0.876
431,10125,1,0.5,23,0.876
432,10142,0,-9.8,17,0.876
433,10159,0,-10.2,17,0.876
434,10196,0,-10.0,37,0.875
435,10227,0,-9.6,31,0.875
436,10278,0,-9.8,51,0.874
437,10297,0,-10.0,19,0.874
438,10306,0,-10.4,9,0.874
439,10329,0,-10.4,23,0.873
440,10370,0,-9.4,41,0.873
441,10385,0,-9.6,15,0.873
442,10416,2,10.6,31,0.872
443,10441,1,-0.1,25,0.872
444,10458,0,-10.0,17,0.872
445,10465,0,-10.6,7,0.872
446,10471,0,-10.3,6,0.872
447,10511,1,0.0,40,0.871
448,10522,0,-9.8,11,0.871
449,10537,0,-10.0,15,0.871
450,10553,0,-10.3,16,0.871
451,10568,0,-10.2,15,0.871
452,10577,0,-9.8,9,0.87
453,10620,0,-9.8,43,0.87
454,10641,0,-10.2,21,0.87
455,10677,3,20.0,36,0.869
456,10724,0,-9.4,47,0.869
457,10762,0,-10.1,38,0.868
458,10769,0,-10.4,7,0.868
459,10790,0,-10.4,21,0.868
460,10858,0,-10.7,68,0.867
461,10887,1,-0.1,29,0.867
462,10991,1,1.0,104,0.865
463,11005,1,0.0,14,0.865
464,11039,0,-10.1,34,0.865
465,11083,1,0.0,44,0.864
466,11101,2,10.9,18,0.864
467,11109,0,-9.5,8,0.864
468,11131,1,0.4,22,0.864
469,11156,1,0.7,25,0.863
470,11206,0,-9.9,50,0.863
471,11234,0,-10.5,28,0.862
472,11244,0,-10.5,10,0.862
473,11264,1,0.4,20,0.862
474,11275,0,-10.6,11,0.862
475,11295,0,-9.7,20,0.862
476,11325,2,10.3,30,0.861
477,11383,1,0.2,58,0.861
478,11419,2,10.5,36,0.86
479,11429,0,-10.1,10,0.86
480,11441,0,-9.3,12,0.86
481,11457,1,0.2,16,0.86
482,11477,0,-9.3,20,0.859
483,11522,2,10.8,45,0.859
484,11539,0,-10.2,17,0.859
485,11564,1,-1.1,25,0.858
486,11572,0,-10.3,8,0.858
487,11587,1,0.1,15,0.858
488,11595,0,-10.3,8,0.858
489,11603,0,-10.1,8,0.858
490,11637,0,-10.3,34,0.857
491,11650,0,-10.2,13,0.857
492,11704,0,-10.1,54,0.857
493,11769,2,11.0,65,0.856
494,11776,0,-9.4,7,0.856
495,11796,0,-10.3,20,0.855
496,11804,0,-10.5,8,0.855
497,11814,1,-0.4,10,0.855
498,11838,1,0.2,24,0.855
499,11872,0,-10.5,34,0.855
500,11881,0,-10.0,9,0.854
501,11908,0,-10.0,27,0.854
502,11918,0,-10.5,10,0.854
503,11932,0,-9.7,14,0.854
504,11976,0,-9.9,44,0.853
505,11986,0,-9.7,10,0.853
506,12076,0,-10.1,90,0.852
507,12094,0,-10.1,18,0.852
508,12103,0,-9.8,9,0.852
509,12127,1,1.0,24,0.851
510,12173,2,10.9,46,0.851
511,12214,1,0.1,41,0.85
512,12222,0,-10.3,8,0.85
513,12255,0,-10.0,33,0.85
514,12325,1,0.2,70,0.849
515,12379,2,11.1,54,0.848
516,12397,0,-9.9,18,0.848
517,12416,0,-10.2,19,0.848
518,12423,0,-9.6,7,0.848
519,12428,0,-9.8,5,0.848
520,12463,0,-9.8,35,0.847
521,12509,1,1.2,46,0.847
522,12574,1,0.9,65,0.846
523,12586,0,-9.7,12,0.846
524,12632,1,-0.4,46,0.845
525,12650,0,-9.7,18,0.845
526,12667,1,0.3,17,0.845
527,12685,0,-9.9,18,0.845
528,12694,0,-10.2,9,0.844
529,12706,0,-10.5,12,0.844
530,12738,2,9.9,32,0.844
531,12748,1,0.6,10,0.844
532,12765,0,-10.2,17,0.844
533,12814,0,-10.2,49,0.843
534,12825,0,-9.6,11,0.843
535,12855,0,-10.9,30,0.843
536,12864,0,-10.2,9,0.842
537,12895,0,-10.2,31,0.842
538,12902,1,0.5,7,0.842
539,12915,1,0.3,13,0.842
540,12924,0,-9.6,9,0.842
541,12954,0,-10.3,30,0.841
542,12969,1,0.5,15,0.841
543,13015,1,0.4,46,0.841
544,13033,0,-9.5,18,0.84
545,13043,0,-10.5,10,0.84
546,13063,0,-10.3,20,0.84
547,13077,0,-9.7,14,0.84
548,13122,2,11.4,45,0.839
549,13148,0,-10.3,26,0.839
550,13157,0,-9.8,9,0.839
551,13193,1,0.0,36,0.838
552,13246,0,-10.4,53,0.838
553,13269,0,-10.4,23,0.837
554,13334,0,-10.8,65,0.837
555,13344,0,-10.3,10,0.837
556,13373,0,-10.2,29,0.836
557,13381,0,-9.7,8,0.836
558,13392,0,-10.4,11,0.836
559,13402,0,-9.3,10,0.836
560,13418,0,-10.3,16,0.836
561,13451,0,-10.0,33,0.835
562,13464,0,-9.4,13,0.835
563,13472,0,-10.5,8,0.835
564,13487,0,-10.2,15,0.835
565,13613,1,0.6,126,0.833
566,13671,1,0.6,58,0.833
567,13720,0,-10.2,49,0.832
568,13735,0,-10.0,15,0.832
569,13740,0,-9.6,5,0.832
570,13756,0,-9.5,16,0.831
571,13768,1,0.2,12,0.831
572,13799,2,10.0,31,0.831
573,13816,0,-10.4,17,0.831
574,13857,0,-9.8,41,0.83
575,13892,1,-0.5,35,0.83
576,13905,1,-0.1,13,0.83
577,13918,0,-10.0,13,0.83
578,13938,0,-10.1,20,0.829
579,13971,0,-9.6,33,0.829
580,14014,2,10.8,43,0.828
581,14023,0,-10.4,9,0.828
582,14057,1,1.0,34,0.828
583,14068,0,-9.4,11,0.828
584,14079,0,-9.8,11,0.828
585,14093,1,0.4,14,0.827
586,14100,1,0.3,7,0.827
587,14125,0,-10.0,25,0.827
588,14170,0,-10.8,45,0.826
589,14193,1,0.5,23,0.826
590,14209,0,-9.9,16,0.826
591,14220,1,0.3,11,0.826
592,14276,2,11.5,56,0.825
593,14291,0,-9.6,15,0.825
594,14304,0,-10.6,13,0.825
595,14349,1,0.9,45,0.824
596,14362,0,-10.2,13,0.824
597,14389,2,10.8,27,0.824
598,14425,0,-9.9,36,0.823
599,14452,0,-9.4,27,0.823
600,14506,0,-9.9,54,0.822
601,14522,0,-9.5,16,0.822
602,14568,0,-10.5,46,0.822
603,14600,1,0.4,32,0.821
604,14609,0,-9.8,9,0.821
605,14635,2,10.1,26,0.821
606,14679,0,-9.7,44,0.82
607,14691,1,0.4,12,0.82
608,14700,0,-10.2,9,0.82
609,14722,0,-9.9,22,0.82
610,14739,1,0.9,17,0.819
611,14751,0,-10.5,12,0.819
612,14802,1,0.3,51,0.819
613,14811,0,-9.2,9,0.819
614,14841,0,-9.9,30,0.818
615,14853,0,-9.7,12,0.818
616,14884,0,-10.0,31,0.818
617,14916,0,-10.5,32,0.817
618,14966,1,0.6,50,0.817
619,14983,0,-9.8,17,0.816
620,15007,1,-0.2,24,0.816
621,15017,0,-10.1,10,0.816
622,15034,0,-10.4,17,0.816
623,15043,0,-10.4,9,0.816
624,15086,0,-10.6,43,0.815
625,15103,0,-10.0,17,0.815
626,15133,2,10.3,30,0.815
627,15186,2,11.0,53,0.814
628,15221,2,10.4,35,0.814
629,15234,0,-9.8,13,0.813
630,15259,0,-10.4,25,0.813
631,15294,2,11.2,35,0.813
632,15330,0,-9.5,36,0.812
633,15381,0,-10.8,51,0.812
634,15462,2,11.2,81,0.811
635,15482,1,0.6,20,0.81
636,15533,1,0.7,51,0.81
637,15552,0,-9.4,19,0.809
638,15569,0,-10.0,17,0.809
639,15636,0,-10.6,67,0.808
640,15643,0,-9.8,7,0.808
641,15723,1,0.2,80,0.807
642,15775,0,-10.3,52,0.807
643,15797,0,-10.5,22,0.806
644,15832,0,-10.4,35,0.806
645,15861,0,-10.2,29,0.806
646,15881,0,-10.3,20,0.805
647,15907,0,-9.9,26,0.805
648,15945,1,0.2,38,0.805
649,15955,0,-10.1,10,0.805
650,15969,1,0.6,14,0.804
651,16002,0,-10.6,33,0.804
652,16043,3,20.5,41,0.803
653,16052,0,-10.0,9,0.803
654,16075,2,10.8,23,0.803
655,16084,0,-10.4,9,0.803
656,16092,1,0.4,8,0.803
657,16100,0,-10.5,8,0.803
658,16129,1,-0.1,29,0.802
659,16148,0,-10.2,19,0.802
660,16160,0,-10.5,12,0.802
661,16171,0,-9.6,11,0.802
662,16181,0,-9.9,10,0.802
663,16209,2,11.1,28,0.801
664,16230,1,0.3,21,0.801
665,16260,1,0.2,30,0.801
666,16310,0,-9.5,50,0.8
667,16322,0,-10.3,12,0.8
668,16337,0,-9.6,15,0.8
669,16345,0,-10.3,8,0.8
670,16356,0,-9.4,11,0.8
671,16364,0,-9.9,8,0.8
672,16384,2,10.7,20,0.799
673,16429,0,-10.2,45,0.799
674,16464,3,20.9,35,0.798
675,16511,2,10.8,47,0.798
676,16533,1,1.2,22,0.797
677,16605,0,-10.5,72,0.797
678,16633,1,-0.2,28,0.796
679,16664,1,-0.1,31,0.796
680,16680,0,-10.1,16,0.796
681,16741,2,10.8,61,0.795
682,16780,1,0.1,39,0.794
683,16806,1,0.4,26,0.794
684,16848,2,10.5,42,0.794
685,16868,0,-10.7,20,0.793
686,16954,1,-0.4,86,0.792
687,16966,1,0.2,12,0.792
688,16990,0,-9.9,24,0.792
689,17020,1,-0.2,30,0.792
690,17067,0,-10.8,47,0.791
691,17103,1,0.8,36,0.79
692,17148,1,-0.3,45,0.79
693,17171,0,-10.2,23,0.79
694,17184,1,0.7,13,0.789
695,17190,0,-10.5,6,0.789
696,17233,3,22.1,43,0.789
697,17278,1,0.5,45,0.788
698,17324,0,-10.7,46,0.788
699,17335,1,0.5,11,0.788
700,17351,0,-9.5,16,0.787
701,17380,1,-0.1,29,0.787
702,17397,0,-10.0,17,0.787
703,17410,2,10.6,13,0.787
704,17423,0,-9.4,13,0.787
705,17448,1,0.5,25,0.786
706,17454,0,-9.9,6,0.786
707,17495,1,0.9,41,0.786
708,17509,0,-10.1,14,0.786
709,17525,0,-10.1,16,0.785
710,17541,0,-9.7,16,0.785
711,17566,0,-10.6,25,0.785
712,17594,1,0.6,28,0.784
713,17628,0,-9.3,34,0.784
714,17653,0,-10.2,25,0.784
715,17669,1,0.2,16,0.784
716,17674,0,-9.8,5,0.783
717,17688,0,-10.1,14,0.783
718,17719,0,-9.8,31,0.783
719,17735,1,-0.2,16,0.783
720,17777,1,0.8,42,0.782
721,17806,1,-0.1,29,0.782
722,17821,1,0.5,15,0.782
723,17860,1,0.7,39,0.781
724,17869,0,-9.4,9,0.781
725,17920,0,-10.0,51,0.78
726,17954,1,-0.2,34,0.78
727,17972,1,0.0,18,0.78
728,17980,0,-10.3,8,0.78
729,18007,0,-9.8,27,0.779
730,18025,0,-10.1,18,0.779
731,18034,1,0.1,9,0.779
732,18071,1,0.5,37,0.779
733,18104,0,-9.6,33,0.778
734,18128,0,-10.1,24,0.778
735,18138,0,-9.5,10,0.778
736,18150,1,0.2,12,0.778
737,18194,2,11.3,44,0.777
738,18255,2,10.8,61,0.776
739,18286,1,0.1,31,0.776
740,18326,0,-9.3,40,0.776
741,18334,0,-10.3,8,0.775
742,18352,1,0.2,18,0.775
743,18381,1,0.7,29,0.775
744,18396,0,-9.8,15,0.775
745,18411,0,-10.2,15,0.774
746,18423,0,-9.7,12,0.774
747,18442,0,-9.8,19,0.774
748,18467,1,0.9,25,0.774
749,18498,1,0.3,31,0.773
750,18580,2,11.1,82,0.772
751,18597,0,-9.8,17,0.772
752,18637,3,20.8,40,0.772
753,18645,1,0.6,8,0.772
754,18685,1,0.8,40,0.771
755,18691,0,-9.9,6,0.771
756,18742,0,-9.6,51,0.77
757,18753,0,-9.6,11,0.77
758,18774,1,0.5,21,0.77
759,18796,0,-9.5,22,0.77
760,18805,0,-10.0,9,0.77
761,18817,0,-10.5,12,0.769
762,18857,3,20.8,40,0.769
763,18890,0,-9.4,33,0.769
764,18915,2,10.6,25,0.768
765,18935,0,-10.1,20,0.768
766,18985,2,10.9,50,0.767
767,19015,0,-9.7,30,0.767
768,19043,2,10.1,28,0.767
769,19050,0,-9.8,7,0.767
770,19063,1,0.3,13,0.766
771,19105,1,0.8,42,0.766
772,19114,0,-10.4,9,0.766
773,19128,1,0.2,14,0.766
774,19184,1,0.4,56,0.765
775,19257,2,11.2,73,0.764
776,19268,0,-9.6,11,0.764
777,19299,1,-0.1,31,0.764
778,19315,0,-10.1,16,0.763
779,19347,0,-9.3,32,0.763
780,19365,0,-9.7,18,0.763
781,19395,2,11.1,30,0.762
782,19422,0,-10.0,27,0.762
783,19446,0,-10.1,24,0.762
784,19456,0,-9.9,10,0.762
785,19472,1,0.0,16,0.761
786,19481,1,-0.1,9,0.761
787,19488,0,-10.0,7,0.761
788,19502,1,-0.2,14,0.761
789,19539,2,10.6,37,0.761
790,19553,0,-9.7,14,0.76
791,19563,1,0.2,10,0.76
792,19574,0,-10.2,11,0.76
793,19588,0,-9.7,14,0.76
794,19629,1,0.5,41,0.76
795,19641,0,-10.3,12,0.759
796,19654,2,10.6,13,0.759
797,19688,0,-10.3,34,0.759
798,19706,0,-10.7,18,0.759
799,19760,3,21.2,54,0.758
800,19802,1,0.0,42,0.757
801,19812,1,0.0,10,0.757
802,19824,0,-10.5,12,0.757
803,19843,2,10.0,19,0.757
804,19869,2,10.3,26,0.757
805,19878,1,0.3,9,0.756
806,19887,0,-10.6,9,0.756
807,19929,0,-10.3,42,0.756
808,19950,0,-9.6,21,0.756
809,19987,2,11.2,37,0.755
810,20015,0,-10.5,28,0.755
811,20052,0,-9.6,37,0.754
812,20133,0,-9.6,81,0.753
813,20148,1,-0.1,15,0.753
814,20183,0,-9.8,35,0.753
815,20195,0,-9.5,12,0.753
816,20221,2,11.1,26,0.752
817,20246,2,9.6,25,0.752
818,20273,0,-10.2,27,0.752
819,20286,0,-10.4,13,0.751
820,20297,0,-10.4,11,0.751
821,20320,3,20.7,23,0.751
822,20334,0,-9.3,14,0.751
823,20390,2,11.3,56,0.75
824,20405,1,0.7,15,0.75
825,20416,0,-10.0,11,0.75
826,20483,1,0.1,67,0.749
827,20498,0,-10.2,15,0.749
828,20505,2,10.2,7,0.749
829,20532,2,10.8,27,0.748
830,20552,0,-10.3,20,0.748
831,20629,1,0.5,77,0.747
832,20639,1,0.2,10,0.747
833,20667,0,-9.3,28,0.747
834,20682,2,9.8,15,0.747
835,20725,0,-9.8,43,0.746
836,20773,1,0.6,48,0.746
837,20793,2,10.7,20,0.745
838,20826,1,0.5,33,0.745
839,20846,1,0.0,20,0.745
840,20857,0,-9.4,11,0.745
841,20879,0,-9.7,22,0.744
842,20935,3,21.0,56,0.744
843,20945,1,0.2,10,0.743
844,20955,0,-10.1,10,0.743
845,20989,2,10.7,34,0.743
846,21000,0,-9.6,11,0.743
847,21066,1,0.6,66,0.742
848,21113,1,0.9,47,0.741
849,21135,3,21.2,22,0.741
850,21146,0,-9.4,11,0.741
851,21159,2,10.4,13,0.741
852,21184,1,0.7,25,0.74
853,21198,1,0.2,14,0.74
854,21206,0,-9.5,8,0.74
855,21230,2,11.1,24,0.74
856,21250,0,-9.9,20,0.74
857,21273,1,0.5,23,0.739
858,21308,1,0.9,35,0.739
859,21331,0,-10.0,23,0.739
860,21349,0,-9.9,18,0.738
861,21400,0,-10.0,51,0.738
862,21421,0,-9.4,21,0.738
863,21429,0,-10.3,8,0.737
864,21443,0,-9.9,14,0.737
865,21463,0,-10.5,20,0.737
866,21475,0,-9.9,12,0.737
867,21525,1,0.8,50,0.736
868,21575,1,0.6,50,0.736
869,21619,1,1.0,44,0.735
870,21644,0,-9.8,25,0.735
871,21660,0,-9.9,16,0.735
872,21675,1,0.1,15,0.734
873,21699,2,10.5,24,0.734
874,21711,1,0.2,12,0.734
875,21723,1,0.4,12,0.734
876,21740,1,0.3,17,0.734
877,21758,0,-9.9,18,0.733
878,21807,1,0.3,49,0.733
879,21817,0,-9.7,10,0.733
880,21829,1,0.2,12,0.733
881,21858,0,-10.4,29,0.732
882,21871,0,-10.6,13,0.732
883,21945,2,10.7,74,0.731
884,21975,2,10.9,30,0.731
885,22010,2,10.6,35,0.73
886,22019,0,-10.2,9,0.73
887,22047,0,-9.7,28,0.73
888,22059,0,-10.3,12,0.73
889,22095,0,-9.5,36,0.729
890,22108,1,1.1,13,0.729
891,22125,1,0.7,17,0.729
892,22142,1,-0.5,17,0.729
893,22177,2,10.8,35,0.728
894,22235,2,10.9,58,0.728
895,22243,0,-10.3,8,0.728
896,22257,0,-10.3,14,0.727
897,22265,0,-9.9,8,0.727
898,22304,3,21.1,39,0.727
899,22322,1,-0.2,18,0.727
900,22329,0,-10.4,7,0.726
901,22346,0,-10.4,17,0.726
902,22396,1,0.4,50,0.726
903,22485,1,0.3,89,0.725
904,22490,0,-9.6,5,0.724
905,22519,0,-10.0,29,0.724
906,22538,0,-10.2,19,0.724
907,22558,1,0.4,20,0.724
908,22614,1,-0.8,56,0.723
909,22628,0,-9.5,14,0.723
910,22673,3,20.5,45,0.722
911,22681,0,-9.7,8,0.722
912,22714,0,-9.4,33,0.722
913,22732,0,-10.3,18,0.722
914,22755,0,-9.4,23,0.721
915,22797,1,0.6,42,0.721
916,22890,2,11.4,93,0.72
917,22904,0,-9.9,14,0.719
918,22945,2,11.4,41,0.719
919,22966,0,-9.8,21,0.719
920,23014,1,1.0,48,0.718
921,23039,0,-10.2,25,0.718
922,23051,0,-10.3,12,0.718
923,23066,0,-10.0,15,0.717
924,23100,0,-9.7,34,0.717
925,23120,1,0.2,20,0.717
926,23138,0,-9.7,18,0.717
927,23156,0,-10.1,18,0.716
928,23168,0,-9.5,12,0.716
929,23180,1,1.0,12,0.716
930,23190,1,0.6,10,0.716
931,23238,2,11.3,48,0.715
932,23271,0,-9.6,33,0.715
933,23288,1,-0.1,17,0.715
934,23301,1,0.3,13,0.715
935,23313,0,-9.5,12,0.714
936,23344,0,-9.6,31,0.714
937,23378,0,-9.5,34,0.714
938,23392,2,10.7,14,0.713
939,23414,2,10.7,22,0.713
940,23433,0,-9.6,19,0.713
941,23457,0,-10.9,24,0.713
942,23479,2,11.1,22,0.712
943,23521,2,10.7,42,0.712
944,23542,1,1.1,21,0.712
945,23559,3,20.5,17,0.711
946,23597,2,11.5,38,0.711
947,23610,0,-10.0,13,0.711
948,23636,1,-0.2,26,0.71
949,23671,0,-9.8,35,0.71
950,23683,1,0.6,12,0.71
951,23756,4,32.4,73,0.709
952,23817,2,11.4,61,0.708
953,23824,0,-10.4,7,0.708
954,23847,0,-10.0,23,0.708
955,23876,2,10.6,29,0.708
956,23927,2,10.8,51,0.707
957,23968,2,10.6,41,0.706
958,24025,4,32.4,57,0.706
959,24041,1,0.8,16,0.705
960,24052,0,-9.8,11,0.705
961,24069,0,-9.6,17,0.705
962,24086,1,0.5,17,0.705
963,24113,0,-9.6,27,0.705
964,24124,0,-9.8,11,0.704
965,24131,0,-9.6,7,0.704
966,24167,1,0.4,36,0.704
967,24188,1,0.3,21,0.704
968,24198,1,0.4,10,0.704
969,24227,3,20.9,29,0.703
970,24238,0,-9.6,11,0.703
971,24258,1,0.6,20,0.703
972,24295,3,21.7,37,0.702
973,24311,0,-10.3,16,0.702
974,24336,1,1.1,25,0.702
975,24380,1,0.0,44,0.701
976,24400,0,-9.5,20,0.701
977,24410,1,0.4,10,0.701
978,24424,0,-9.3,14,0.701
979,24465,1,0.7,41,0.7
980,24496,1,0.7,31,0.7
981,24519,0,-10.6,23,0.7
982,24526,0,-10.0,7,0.7
983,24545,0,-9.4,19,0.699
984,24561,1,0.2,16,0.699
985,24612,2,11.8,51,0.699
986,24649,2,10.6,37,0.698
987,24661,1,0.6,12,0.698
988,24683,0,-9.5,22,0.698
989,24701,1,0.4,18,0.697
990,24722,1,0.5,21,0.697
991,24768,2,11.3,46,0.697
992,24805,2,10.4,37,0.696
993,24822,1,0.1,17,0.696
994,24829,0,-9.6,7,0.696
995,24861,1,0.4,32,0.695
996,24869,1,0.4,8,0.695
997,24886,0,-9.6,17,0.695
998,24933,1,0.3,47,0.695
999,24957,1,0.8,24,0.694
1000,24979,0,-9.5,22,0.694
1001,25010,2,10.4,31,0.694
1002,25038,2,10.7,28,0.693
1003,25094,1,-0.2,56,0.693
1004,25116,1,1.6,22,0.692
1005,25129,1,0.7,13,0.692
1006,25164,0,-9.4,35,0.692
1007,25177,0,-9.6,13,0.692
1008,25222,2,11.4,45,0.691
1009,25237,1,0.1,15,0.691
1010,25255,1,0.0,18,0.691
1011,25281,1,0.6,26,0.69
1012,25333,2,11.3,52,0.69
1013,25362,2,10.6,29,0.689
1014,25384,2,11.3,22,0.689
1015,25400,1,0.0,16,0.689
1016,25447,1,0.9,47,0.688
1017,25464,0,-9.6,17,0.688
1018,25483,2,10.6,19,0.688
1019,25504,2,11.0,21,0.688
1020,25519,0,-10.0,15,0.687
1021,25540,0,-9.8,21,0.687
1022,25568,1,1.2,28,0.687
1023,25602,0,-9.7,34,0.686
1024,25621,0,-9.6,19,0.686
1025,25671,3,21.4,50,0.686
1026,25700,0,-9.6,29,0.685
1027,25746,1,1.4,46,0.685
1028,25768,1,0.2,22,0.684
1029,25804,2,10.5,36,0.684
1030,25832,0,-9.9,28,0.684
1031,25856,0,-9.7,24,0.683
1032,25888,2,11.1,32,0.683
1033,25920,2,10.9,32,0.682
1034,25933,1,0.7,13,0.682
1035,25974,3,21.7,41,0.682
1036,25985,0,-9.6,11,0.682
1037,25995,0,-9.7,10,0.682
1038,26004,0,-9.8,9,0.681
1039,26012,0,-9.7,8,0.681
1040,26028,0,-10.3,16,0.681
1041,26041,1,0.3,13,0.681
1042,26062,1,0.1,21,0.681
1043,26090,1,1.0,28,0.68
1044,26115,2,10.6,25,0.68
1045,26141,0,-9.3,26,0.68
1046,26169,0,-10.5,28,0.679
1047,26227,2,11.9,58,0.679
1048,26281,2,10.9,54,0.678
1049,26294,2,10.6,13,0.678
1050,26329,2,11.2,35,0.677
1051,26337,1,0.4,8,0.677
1052,26351,0,-9.5,14,0.677
1053,26367,0,-9.9,16,0.677
1054,26417,5,41.4,50,0.676
1055,26430,2,10.6,13,0.676
1056,26471,1,0.9,41,0.676
1057,26500,0,-10.2,29,0.675
1058,26530,2,11.3,30,0.675
1059,26545,2,10.8,15,0.675
1060,26556,1,0.7,11,0.675
1061,26576,1,0.6,20,0.674
1062,26586,0,-10.5,10,0.674
1063,26607,1,0.7,21,0.674
1064,26655,1,0.8,48,0.673
1065,26725,1,0.8,70,0.673
1066,26742,0,-10.0,17,0.672
1067,26798,1,0.4,56,0.672
1068,26809,0,-10.0,11,0.672
1069,26825,1,1.0,16,0.671
1070,26841,1,0.6,16,0.671
1071,26863,1,0.0,22,0.671
1072,26879,0,-9.7,16,0.671
1073,26906,2,10.8,27,0.67
1074,26945,1,0.9,39,0.67
1075,26953,0,-10.1,8,0.67
1076,26974,0,-9.6,21,0.67
1077,27030,0,-9.9,56,0.669
1078,27043,1,0.5,13,0.669
1079,27054,0,-10.2,11,0.669
1080,27077,1,0.1,23,0.668
1081,27117,2,11.9,40,0.668
1082,27139,0,-9.7,22,0.668
1083,27182,3,21.1,43,0.667
1084,27223,2,11.2,41,0.667
1085,27238,0,-9.6,15,0.666
1086,27259,1,0.7,21,0.666
1087,27308,2,11.2,49,0.665
1088,27356,1,-0.2,48,0.665
1089,27378,0,-10.3,22,0.665
1090,27415,1,0.5,37,0.664
1091,27437,2,11.3,22,0.664
1092,27447,1,0.4,10,0.664
1093,27478,3,21.3,31,0.663
1094,27506,0,-9.5,28,0.663
1095,27513,1,0.1,7,0.663
1096,27537,1,0.8,24,0.663
1097,27569,1,0.8,32,0.662
1098,27628,1,0.5,59,0.662
1099,27634,0,-9.9,6,0.661
1100,27641,0,-10.2,7,0.661
1101,27649,1,0.2,8,0.661
1102,27672,2,10.2,23,0.661
1103,27694,3,20.6,22,0.661
1104,27708,0,-10.5,14,0.661
1105,27726,0,-10.3,18,0.66
1106,27747,0,-9.6,21,0.66
1107,27795,0,-10.3,48,0.66
1108,27817,0,-10.1,22,0.659
1109,27840,1,0.5,23,0.659
1110,27906,4,31.3,66,0.658
1111,27940,3,21.0,34,0.658
1112,27948,0,-9.9,8,0.658
1113,27955,0,-10.4,7,0.658
1114,28022,3,21.9,67,0.657
1115,28068,1,0.0,46,0.656
1116,28098,1,0.2,30,0.656
1117,28181,6,52.6,83,0.655
1118,28192,1,0.5,11,0.655
1119,28258,2,11.1,66,0.654
1120,28272,1,1.0,14,0.654
1121,28288,2,10.5,16,0.653
1122,28323,2,11.2,35,0.653
1123,28334,0,-9.2,11,0.653
1124,28368,3,21.2,34,0.652
1125,28404,1,0.2,36,0.652
1126,28429,3,21.5,25,0.652
1127,28442,0,-9.4,13,0.652
1128,28464,0,-10.1,22,0.651
1129,28486,2,10.9,22,0.651
1130,28528,0,-9.7,42,0.651
1131,28551,1,0.5,23,0.65
1132,28568,2,10.4,17,0.65
1133,28593,1,0.7,25,0.65
1134,28642,1,-0.3,49,0.649
1135,28652,1,0.8,10,0.649
1136,28658,2,10.3,6,0.649
1137,28694,1,0.6,36,0.648
1138,28744,1,0.2,50,0.648
1139,28753,1,0.3,9,0.648
1140,28786,1,0.7,33,0.647
1141,28796,0,-9.5,10,0.647
1142,28826,2,10.9,30,0.647
1143,28861,0,-9.8,35,0.646
1144,28876,2,10.6,15,0.646
1145,28885,0,-10.2,9,0.646
1146,28902,1,0.9,17,0.646
1147,28973,2,11.2,71,0.645
1148,28983,2,10.7,10,0.645
1149,28995,1,0.4,12,0.645
1150,29011,0,-10.5,16,0.645
1151,29030,1,0.1,19,0.644
1152,29041,0,-9.8,11,0.644
1153,29070,0,-9.8,29,0.644
1154,29084,1,0.4,14,0.644
1155,29096,0,-10.1,12,0.644
1156,29133,2,11.4,37,0.643
1157,29177,3,21.2,44,0.643
1158,29205,1,-0.2,28,0.642
1159,29231,2,10.7,26,0.642
1160,29241,1,0.4,10,0.642
1161,29270,3,21.3,29,0.641
1162,29290,1,0.4,20,0.641
1163,29355,4,31.2,65,0.64
1164,29423,2,11.5,68,0.64
1165,29451,1,0.0,28,0.639
1166,29464,3,20.3,13,0.639
1167,29473,0,-9.6,9,0.639
1168,29504,1,0.3,31,0.639
1169,29541,0,-9.4,37,0.638
1170,29548,0,-10.4,7,0.638
1171,29585,2,10.8,37,0.638
1172,29611,2,10.7,26,0.637
1173,29644,0,-9.6,33,0.637
1174,29662,0,-9.7,18,0.637
1175,29691,0,-9.6,29,0.636
1176,29713,0,-10.1,22,0.636
1177,29764,1,0.9,51,0.635
1178,29777,0,-9.8,13,0.635
1179,29797,0,-9.7,20,0.635
1180,29817,2,10.5,20,0.635
1181,29875,1,0.6,58,0.634
1182,29887,0,-9.5,12,0.634
1183,29904,0,-10.0,17,0.634
1184,29920,1,0.0,16,0.633
1185,29933,1,0.7,13,0.633
1186,29940,0,-10.0,7,0.633
1187,29947,0,-10.2,7,0.633
1188,29979,2,11.5,32,0.633
1189,30009,0,-9.5,30,0.632
1190,30043,1,1.2,34,0.632
1191,30070,2,11.0,27,0.632
1192,30125,2,11.8,55,0.631
1193,30186,1,0.7,61,0.63
1194,30195,2,10.6,9,0.63
1195,30212,0,-9.4,17,0.63
1196,30222,0,-10.3,10,0.63
1197,30238,0,-9.5,16,0.63
1198,30246,1,0.6,8,0.629
1199,30274,3,21.4,28,0.629
1200,30295,1,0.5,21,0.629
1201,30317,2,10.3,22,0.629
1202,30329,1,0.6,12,0.628
1203,30347,0,-10.5,18,0.628
1204,30371,0,-9.7,24,0.628
1205,30420,1,1.1,49,0.627
1206,30434,0,-10.3,14,0.627
1207,30489,2,12.2,55,0.627
1208,30507,1,0.4,18,0.626
1209,30524,2,11.0,17,0.626
1210,30543,1,0.9,19,0.626
1211,30582,2,11.4,39,0.625
1212,30591,1,0.1,9,0.625
1213,30607,1,0.2,16,0.625
1214,30629,2,10.5,22,0.625
1215,30642,0,-9.8,13,0.625
1216,30652,1,0.8,10,0.625
1217,30672,2,10.9,20,0.624
1218,30701,1,0.9,29,0.624
1219,30711,0,-9.7,10,0.624
1220,30783,1,0.8,72,0.623
1221,30796,0,-10.2,13,0.623
1222,30804,0,-10.3,8,0.623
1223,30819,1,0.5,15,0.622
1224,30829,0,-10.3,10,0.622
1225,30849,1,0.2,20,0.622
1226,30859,0,-9.5,10,0.622
1227,30871,2,10.5,12,0.622
1228,30909,2,11.1,38,0.621
1229,30939,0,-10.3,30,0.621
1230,30949,0,-10.1,10,0.621
1231,30962,1,0.1,13,0.621
1232,30974,1,0.8,12,0.621
1233,31004,1,0.4,30,0.62
1234,31039,2,10.4,35,0.62
1235,31048,1,0.3,9,0.62
1236,31087,1,0.9,39,0.619
1237,31119,2,11.5,32,0.619
1238,31130,2,10.6,11,0.619
1239,31147,2,10.8,17,0.618
1240,31168,0,-10.4,21,0.618
1241,31179,0,-9.8,11,0.618
1242,31219,3,21.4,40,0.618
1243,31233,2,10.7,14,0.617
1244,31251,0,-10.1,18,0.617
1245,31315,2,10.3,64,0.616
1246,31356,1,0.7,41,0.616
1247,31364,1,0.2,8,0.616
1248,31378,0,-10.3,14,0.616
1249,31403,0,-9.6,25,0.615
1250,31411,0,-10.5,8,0.615
1251,31440,2,10.6,29,0.615
1252,31486,2,10.7,46,0.614
1253,31500,0,-9.3,14,0.614
1254,31531,2,10.4,31,0.614
1255,31541,0,-10.5,10,0.614
1256,31551,1,0.4,10,0.614
1257,31646,2,10.2,95,0.612
1258,31685,1,0.5,39,0.612
1259,31693,0,-10.3,8,0.612
1260,31719,2,11.1,26,0.611
1261,31727,1,0.6,8,0.611
1262,31755,2,10.7,28,0.611
1263,31786,2,10.8,31,0.611
1264,31804,1,0.0,18,0.61
1265,31842,1,0.4,38,0.61
1266,31890,2,11.1,48,0.609
1267,31902,1,0.6,12,0.609
1268,31913,1,0.7,11,0.609
1269,31944,2,10.6,31,0.609
1270,31970,2,11.1,26,0.608
1271,32054,2,11.9,84,0.607
1272,32066,0,-10.5,12,0.607
1273,32081,1,0.3,15,0.607
1274,32125,3,21.0,44,0.606
1275,32144,0,-10.0,19,0.606
1276,32181,1,1.3,37,0.606
1277,32188,0,-9.6,7,0.606
1278,32243,1,0.7,55,0.605
1279,32295,1,2.0,52,0.604
1280,32327,0,-9.5,32,0.604
1281,32364,2,11.4,37,0.604
1282,32381,1,0.9,17,0.603
1283,32401,2,10.1,20,0.603
1284,32447,1,0.4,46,0.603
1285,32474,4,30.6,27,0.602
1286,32492,1,0.8,18,0.602
1287,32515,3,21.7,23,0.602
1288,32529,0,-10.1,14,0.602
1289,32537,0,-9.7,8,0.601
1290,32563,0,-10.3,26,0.601
1291,32576,1,0.7,13,0.601
1292,32588,1,0.2,12,0.601
1293,32598,1,0.2,10,0.601
1294,32629,3,20.9,31,0.6
1295,32689,2,11.7,60,0.6
1296,32696,0,-10.2,7,0.599
1297,32730,2,11.3,34,0.599
1298,32744,1,0.4,14,0.599
1299,32766,2,10.9,22,0.599
1300,32781,1,0.7,15,0.598
1301,32809,1,0.2,28,0.598
1302,32816,1,0.3,7,0.598
1303,32830,1,0.2,14,0.598
1304,32852,0,-9.7,22,0.598
1305,32883,1,-0.1,31,0.597
1306,32943,2,11.1,60,0.596
1307,32961,1,1.0,18,0.596
1308,33052,2,10.8,91,0.595
1309,33110,3,21.6,58,0.594
1310,33131,0,-9.4,21,0.594
1311,33148,1,0.5,17,0.594
1312,33155,0,-9.6,7,0.594
1313,33164,1,0.5,9,0.594
1314,33209,3,20.7,45,0.593
1315,33227,1,0.6,18,0.593
1316,33243,0,-9.9,16,0.593
1317,33252,2,10.2,9,0.593
1318,33317,5,42.5,65,0.592
1319,33359,3,21.8,42,0.591
1320,33380,1,0.3,21,0.591
1321,33414,0,-9.7,34,0.591
1322,33462,2,10.7,48,0.59
1323,33506,2,11.1,44,0.59
1324,33525,2,10.6,19,0.589
1325,33596,3,21.7,71,0.588
1326,33647,2,11.2,51,0.588
1327,33663,2,11.1,16,0.588
1328,33674,0,-9.8,11,0.587
1329,33692,1,0.4,18,0.587
1330,33707,0,-9.4,15,0.587
1331,33768,2,10.8,61,0.586
1332,33789,2,10.6,21,0.586
1333,33808,2,10.8,19,0.586
1334,33820,0,-9.7,12,0.586
1335,33828,0,-9.9,8,0.586
1336,33837,0,-10.8,9,0.585
1337,33851,1,0.6,14,0.585
1338,33883,3,20.6,32,0.585
1339,33940,1,0.9,57,0.584
1340,33973,1,0.5,33,0.584
1341,33992,1,1.3,19,0.584
1342,34004,1,0.8,12,0.583
1343,34026,0,-10.1,22,0.583
1344,34039,0,-9.8,13,0.583
1345,34048,0,-10.4,9,0.583
1346,34083,1,1.1,35,0.582
1347,34109,2,10.5,26,0.582
1348,34123,1,0.4,14,0.582
1349,34143,2,10.5,20,0.582
1350,34184,1,0.9,41,0.581
1351,34196,1,0.6,12,0.581
1352,34217,0,-9.8,21,0.581
1353,34254,4,31.4,37,0.58
1354,34283,1,0.7,29,0.58
1355,34309,2,10.7,26,0.58
1356,34358,2,10.8,49,0.579
1357,34376,2,10.7,18,0.579
1358,34405,2,11.0,29,0.579
1359,34436,1,1.3,31,0.578
1360,34454,1,-0.2,18,0.578
1361,34478,1,0.6,24,0.578
1362,34512,1,0.4,34,0.577
1363,34533,2,10.6,21,0.577
1364,34569,1,0.6,36,0.577
1365,34584,0,-9.4,15,0.576
1366,34610,2,11.5,26,0.576
1367,34626,2,11.1,16,0.576
1368,34642,1,1.4,16,0.576
1369,34677,2,11.2,35,0.575
1370,34692,2,10.8,15,0.575
1371,34701,1,0.3,9,0.575
1372,34713,0,-9.7,12,0.575
1373,34721,0,-9.7,8,0.575
1374,34734,0,-9.8,13,0.575
1375,34784,2,12.1,50,0.574
1376,34793,0,-10.0,9,0.574
1377,34816,2,11.2,23,0.574
1378,34826,1,0.4,10,0.573
1379,34837,1,0.5,11,0.573
1380,34870,1,1.7,33,0.573
1381,34901,4,31.2,31,0.572
1382,34923,0,-9.7,22,0.572
1383,34933,0,-9.1,10,0.572
1384,34966,2,11.0,33,0.572
1385,34973,0,-10.0,7,0.572
1386,34982,0,-9.6,9,0.571
1387,35004,1,0.8,22,0.571
1388,35031,2,10.8,27,0.571
1389,35052,1,-0.5,21,0.571
1390,35073,0,-9.6,21,0.57
1391,35155,4,33.7,82,0.569
1392,35206,2,11.0,51,0.569
1393,35237,2,11.8,31,0.568
1394,35260,2,11.0,23,0.568
1395,35314,2,10.3,54,0.567
1396,35325,0,-9.6,11,0.567
1397,35338,0,-9.2,13,0.567
1398,35383,1,-0.3,45,0.567
1399,35396,1,0.5,13,0.566
1400,35409,0,-9.6,13,0.566
1401,35417,0,-9.7,8,0.566
1402,35436,1,0.7,19,0.566
1403,35471,2,11.2,35,0.565
1404,35505,2,10.9,34,0.565
1405,35532,1,0.5,27,0.565
1406,35545,1,0.3,13,0.565
1407,35553,0,-9.9,8,0.564
1408,35572,1,0.7,19,0.564
1409,35603,1,0.3,31,0.564
1410,35616,0,-10.0,13,0.564
1411,35650,0,-9.3,34,0.563
1412,35687,2,11.4,37,0.563
1413,35709,2,10.9,22,0.563
1414,35731,1,0.6,22,0.562
1415,35740,1,0.5,9,0.562
1416,35759,1,1.1,19,0.562
1417,35794,4,31.2,35,0.562
1418,35804,1,0.6,10,0.561
1419,35828,1,0.4,24,0.561
1420,35838,1,0.8,10,0.561
1421,35857,0,-9.4,19,0.561
1422,35875,1,0.6,18,0.561
1423,35899,1,0.6,24,0.56
1424,35918,2,10.6,19,0.56
1425,35968,1,1.2,50,0.559
1426,35984,0,-9.7,16,0.559
1427,35999,1,0.7,15,0.559
1428,36041,4,31.5,42,0.558
1429,36064,2,10.6,23,0.558
1430,36092,2,11.5,28,0.558
1431,36113,2,11.0,21,0.558
1432,36126,2,10.6,13,0.557
1433,36139,1,0.3,13,0.557
1434,36173,3,20.8,34,0.557
1435,36212,2,11.4,39,0.556
1436,36242,1,0.4,30,0.556
1437,36274,2,10.7,32,0.556
1438,36297,2,11.0,23,0.555
1439,36331,2,10.5,34,0.555
1440,36341,1,0.4,10,0.555
1441,36360,2,10.4,19,0.555
1442,36373,1,0.3,13,0.554
1443,36382,0,-10.4,9,0.554
1444,36410,2,11.1,28,0.554
1445,36428,1,0.2,18,0.554
1446,36456,2,11.1,28,0.553
1447,36468,0,-10.1,12,0.553
1448,36521,4,30.6,53,0.553
1449,36541,2,11.5,20,0.552
1450,36557,2,10.5,16,0.552
1451,36571,1,0.2,14,0.552
1452,36599,1,0.2,28,0.552
1453,36619,0,-9.9,20,0.551
1454,36627,1,0.4,8,0.551
1455,36649,1,1.0,22,0.551
1456,36678,2,11.2,29,0.551
1457,36719,3,21.9,41,0.55
1458,36742,2,11.6,23,0.55
1459,36749,0,-10.2,7,0.55
1460,36792,1,-0.1,43,0.549
1461,36804,1,0.6,12,0.549
1462,36817,0,-10.2,13,0.549
1463,36861,3,21.0,44,0.548
1464,36910,2,11.0,49,0.548
1465,36939,0,-9.2,29,0.547
1466,36962,1,1.3,23,0.547
1467,37000,3,21.4,38,0.547
1468,37019,1,0.5,19,0.547
1469,37037,1,0.6,18,0.546
1470,37096,3,22.5,59,0.546
1471,37110,0,-10.1,14,0.545
1472,37131,0,-9.6,21,0.545
1473,37148,1,0.9,17,0.545
1474,37241,2,11.6,93,0.544
1475,37253,0,-9.7,12,0.544
1476,37272,0,-9.4,19,0.543
1477,37311,2,11.2,39,0.543
1478,37335,1,1.2,24,0.543
1479,37367,2,11.1,32,0.542
1480,37384,3,20.7,17,0.542
1481,37422,2,10.9,38,0.542
1482,37468,1,1.8,46,0.541
1483,37486,0,-9.9,18,0.541
1484,37494,0,-9.7,8,0.541
1485,37503,0,-10.2,9,0.541
1486,37534,3,21.3,31,0.54
1487,37562,0,-9.9,28,0.54
1488,37599,1,0.7,37,0.539
1489,37620,0,-9.8,21,0.539
1490,37644,0,-9.7,24,0.539
1491,37653,0,-9.4,9,0.539
1492,37670,1,0.5,17,0.539
1493,37699,3,21.3,29,0.538
1494,37740,3,21.5,41,0.538
1495,37764,1,1.0,24,0.537
1496,37771,0,-9.4,7,0.537
1497,37803,0,-9.5,32,0.537
1498,37846,1,0.5,43,0.536
1499,37867,3,20.7,21,0.536
1500,37900,3,21.7,33,0.536
1501,37959,5,43.1,59,0.535
1502,37972,1,0.5,13,0.535
1503,37988,0,-10.5,16,0.535
1504,38037,2,12.4,49,0.534
1505,38050,2,10.6,13,0.534
1506,38062,2,10.5,12,0.534
1507,38075,1,0.3,13,0.534
1508,38102,0,-9.4,27,0.533
1509,38119,1,0.5,17,0.533
1510,38138,0,-9.4,19,0.533
1511,38160,2,11.1,22,0.533
1512,38235,2,10.8,75,0.532
1513,38328,2,12.0,93,0.53
1514,38373,3,22.1,45,0.53
1515,38391,0,-9.9,18,0.53
1516,38398,0,-9.6,7,0.53
1517,38416,1,0.4,18,0.529
1518,38443,2,11.6,27,0.529
1519,38474,1,1.9,31,0.529
1520,38484,1,0.4,10,0.529
1521,38519,1,0.9,35,0.528
1522,38530,2,10.8,11,0.528
1523,38556,2,10.9,26,0.528
1524,38565,0,-9.6,9,0.528
1525,38585,1,0.6,20,0.527
1526,38606,1,0.9,21,0.527
1527,38646,2,10.3,40,0.527
1528,38663,2,10.6,17,0.526
1529,38676,1,-0.1,13,0.526
1530,38713,3,20.9,37,0.526
1531,38740,2,11.4,27,0.525
1532,38747,1,0.5,7,0.525
1533,38754,0,-9.4,7,0.525
1534,38766,0,-9.9,12,0.525
1535,38791,2,11.2,25,0.525
1536,38816,0,-9.8,25,0.525
1537,38888,3,21.2,72,0.524
1538,38908,2,11.5,20,0.523
1539,38930,1,0.6,22,0.523
1540,38951,0,-9.6,21,0.523
1541,38983,2,10.7,32,0.522
1542,38991,1,0.6,8,0.522
1543,39042,3,21.5,51,0.522
1544,39063,1,0.3,21,0.521
1545,39080,1,-0.1,17,0.521
1546,39102,2,11.1,22,0.521
1547,39120,1,0.4,18,0.521
1548,39131,0,-9.8,11,0.521
1549,39148,1,0.3,17,0.52
1550,39176,2,10.9,28,0.52
1551,39194,0,-9.5,18,0.52
1552,39224,2,10.7,30,0.52
1553,39239,1,0.7,15,0.519
1554,39247,1,0.6,8,0.519
1555,39283,2,11.9,36,0.519
1556,39305,2,11.3,22,0.519
1557,39337,1,0.8,32,0.518
1558,39356,1,0.9,19,0.518
1559,39435,4,32.2,79,0.517
1560,39452,0,-10.2,17,0.517
1561,39475,1,0.7,23,0.516
1562,39487,1,0.6,12,0.516
1563,39497,0,-9.7,10,0.516
1564,39508,1,-0.3,11,0.516
1565,39523,1,0.3,15,0.516
1566,39531,0,-9.9,8,0.516
1567,39560,2,11.0,29,0.515
1568,39567,0,-9.6,7,0.515
1569,39591,1,0.4,24,0.515
1570,39622,1,0.5,31,0.515
1571,39634,0,-9.5,12,0.514
1572,39646,1,0.8,12,0.514
1573,39654,0,-9.9,8,0.514
1574,39671,1,0.7,17,0.514
1575,39680,1,0.5,9,0.514
1576,39696,2,10.5,16,0.514
1577,39704,1,0.6,8,0.514
1578,39717,3,20.5,13,0.513
1579,39723,0,-9.7,6,0.513
1580,39737,1,1.0,14,0.513
1581,39756,1,0.5,19,0.513
1582,39801,4,31.0,45,0.512
1583,39810,0,-9.4,9,0.512
1584,39817,0,-9.6,7,0.512
1585,39828,1,0.5,11,0.512
1586,39836,0,-9.7,8,0.512
1587,39850,1,0.4,14,0.512
1588,39867,1,0.5,17,0.512
1589,39891,1,1.0,24,0.511
1590,39956,2,12.0,65,0.511
1591,39972,1,0.6,16,0.51
1592,40005,2,10.0,33,0.51
1593,40016,0,-9.8,11,0.51
1594,40061,3,20.7,45,0.509
1595,40068,1,0.5,7,0.509
1596,40074,0,-9.5,6,0.509
1597,40089,1,0.7,15,0.509
1598,40113,1,0.8,24,0.509
1599,40141,1,1.2,28,0.508
1600,40198,3,22.1,57,0.508
1601,40244,2,10.7,46,0.507
1602,40261,0,-10.0,17,0.507
1603,40266,0,-9.6,5,0.507
1604,40275,1,0.5,9,0.507
1605,40312,0,-9.4,37,0.506
1606,40330,1,0.6,18,0.506
1607,40358,3,20.8,28,0.506
1608,40385,2,10.2,27,0.505
1609,40421,1,0.8,36,0.505
1610,40433,0,-9.5,12,0.505
1611,40451,0,-9.9,18,0.504
1612,40484,3,20.7,33,0.504
1613,40490,0,-9.9,6,0.504
1614,40517,2,10.8,27,0.504
1615,40539,1,1.2,22,0.503
1616,40584,4,32.2,45,0.503
1617,40609,1,1.1,25,0.503
1618,40648,1,0.9,39,0.502
1619,40706,1,0.8,58,0.501
1620,40732,2,10.9,26,0.501
1621,40748,1,0.2,16,0.501
1622,40778,2,10.5,30,0.5
1623,40832,5,43.2,54,0.5
1624,40840,1,0.2,8,0.5
1625,40894,3,22.2,54,0.499
1626,40908,0,-9.3,14,0.499
1627,40953,2,12.0,45,0.498
1628,40983,1,0.8,30,0.498
1629,41040,4,32.2,57,0.497
1630,41057,0,-9.4,17,0.497
1631,41133,3,21.8,76,0.496
1632,41147,2,10.7,14,0.496
1633,41166,2,10.8,19,0.496
1634,41218,4,32.5,52,0.495
1635,41247,2,11.2,29,0.495
1636,41269,0,-9.3,22,0.494
1637,41288,0,-9.4,19,0.494
1638,41317,2,11.4,29,0.494
1639,41340,2,11.2,23,0.494
1640,41371,1,0.3,31,0.493
1641,41398,1,1.3,27,0.493
1642,41440,4,31.9,42,0.492
1643,41468,2,10.5,28,0.492
1644,41490,2,11.3,22,0.492
1645,41502,1,0.6,12,0.492
1646,41524,1,0.4,22,0.491
1647,41590,5,43.4,66,0.491
1648,41623,4,32.2,33,0.49
1649,41640,2,10.8,17,0.49
1650,41656,1,0.2,16,0.49
1651,41665,1,0.5,9,0.49
1652,41696,3,22.1,31,0.489
1653,41704,0,-9.3,8,0.489
1654,41752,2,10.7,48,0.489
1655,41765,0,-10.4,13,0.488
1656,41771,0,-9.7,6,0.488
1657,41788,2,10.6,17,0.488
1658,41812,1,1.2,24,0.488
1659,41835,1,0.9,23,0.488
1660,41886,2,11.6,51,0.487
1661,41907,2,11.0,21,0.487
1662,41915,0,-9.9,8,0.487
1663,41923,0,-9.7,8,0.486
1664,41972,3,22.3,49,0.486
1665,42002,3,20.8,30,0.485
1666,42017,1,0.5,15,0.485
1667,42039,1,0.0,22,0.485
1668,42053,1,0.8,14,0.485
1669,42082,1,0.5,29,0.484
1670,42133,3,21.9,51,0.484
1671,42158,2,11.0,25,0.484
1672,42180,0,-9.3,22,0.483
1673,42192,1,0.4,12,0.483
1674,42215,3,20.5,23,0.483
1675,42259,3,22.0,44,0.482
1676,42305,5,41.8,46,0.482
1677,42322,2,11.0,17,0.482
1678,42354,1,0.6,32,0.481
1679,42404,4,31.7,50,0.481
1680,42455,3,21.5,51,0.48
1681,42466,1,0.7,11,0.48
1682,42496,1,0.6,30,0.479
1683,42508,1,0.4,12,0.479
1684,42530,0,-9.5,22,0.479
1685,42564,0,-9.7,34,0.479
1686,42574,0,-9.5,10,0.478
1687,42587,1,0.3,13,0.478
1688,42598,0,-9.4,11,0.478
1689,42614,0,-9.9,16,0.478
1690,42664,3,22.4,50,0.477
1691,42681,2,10.4,17,0.477
1692,42688,1,0.3,7,0.477
1693,42739,5,41.7,51,0.476
1694,42809,6,52.7,70,0.476
1695,42846,5,42.3,37,0.475
1696,42865,0,-9.8,19,0.475
1697,42885,2,10.7,20,0.475
1698,42952,3,21.9,67,0.474
1699,42962,1,0.6,10,0.474
1700,42995,3,21.9,33,0.473
1701,43030,3,22.1,35,0.473
1702,43050,2,11.3,20,0.473
1703,43070,1,0.4,20,0.472
1704,43094,1,0.8,24,0.472
1705,43126,1,0.6,32,0.472
1706,43156,2,11.3,30,0.471
1707,43168,1,0.6,12,0.471
1708,43191,1,0.7,23,0.471
1709,43200,0,-9.8,9,0.471
1710,43219,0,-9.4,19,0.471
1711,43252,2,10.4,33,0.47
1712,43278,1,1.2,26,0.47
1713,43328,2,11.7,50,0.469
1714,43370,3,21.8,42,0.469
1715,43445,8,74.4,75,0.468
1716,43484,2,10.8,39,0.467
1717,43505,2,11.0,21,0.467
1718,43524,1,0.9,19,0.467
1719,43539,1,0.7,15,0.467
1720,43548,0,-9.6,9,0.467
1721,43561,1,0.3,13,0.466
1722,43609,2,11.5,48,0.466
1723,43642,2,11.6,33,0.465
1724,43650,1,0.4,8,0.465
1725,43686,1,1.8,36,0.465
1726,43773,5,43.5,87,0.464
1727,43788,1,0.5,15,0.464
1728,43800,2,10.3,12,0.463
1729,43854,2,11.1,54,0.463
1730,43866,1,0.6,12,0.463
1731,43893,1,0.5,27,0.462
1732,43928,3,21.1,35,0.462
1733,43949,2,10.6,21,0.462
1734,43969,1,1.0,20,0.461
1735,44041,5,42.8,72,0.46
1736,44067,2,11.1,26,0.46
1737,44077,0,-9.7,10,0.46
1738,44102,2,11.0,25,0.46
1739,44111,1,0.3,9,0.46
1740,44119,1,0.2,8,0.46
1741,44134,1,0.3,15,0.459
1742,44153,0,-9.8,19,0.459
1743,44180,2,11.0,27,0.459
1744,44199,2,11.0,19,0.459
1745,44208,1,0.5,9,0.458
1746,44250,2,10.5,42,0.458
1747,44271,0,-9.6,21,0.458
1748,44291,1,0.8,20,0.457
1749,44310,4,31.0,19,0.457
1750,44323,2,10.8,13,0.457
1751,44336,1,0.5,13,0.457
1752,44349,0,-9.6,13,0.457
1753,44361,0,-9.3,12,0.457
1754,44418,6,52.6,57,0.456
1755,44428,0,-10.3,10,0.456
1756,44463,1,0.9,35,0.455
1757,44494,3,21.5,31,0.455
1758,44526,1,1.0,32,0.455
1759,44570,2,10.5,44,0.454
1760,44599,2,11.2,29,0.454
1761,44622,1,-0.1,23,0.453
1762,44678,5,40.8,56,0.453
1763,44689,1,0.1,11,0.453
1764,44698,1,0.7,9,0.452
1765,44728,3,21.4,30,0.452
1766,44765,1,1.3,37,0.452
1767,44786,1,0.5,21,0.451
1768,44819,2,11.2,33,0.451
1769,44852,2,11.0,33,0.451
1770,44865,2,10.4,13,0.45
1771,44879,1,0.4,14,0.45
1772,44893,3,20.4,14,0.45
1773,44908,1,0.5,15,0.45
1774,44925,0,-10.0,17,0.45
1775,44956,2,10.6,31,0.449
1776,44993,3,22.5,37,0.449
1777,45032,2,11.6,39,0.448
1778,45047,1,0.5,15,0.448
1779,45076,3,21.3,29,0.448
1780,45102,2,10.9,26,0.448
1781,45108,0,-10.5,6,0.447
1782,45141,2,11.8,33,0.447
1783,45164,0,-9.4,23,0.447
1784,45195,2,11.0,31,0.446
1785,45215,1,0.8,20,0.446
1786,45231,1,0.6,16,0.446
1787,45245,1,0.8,14,0.446
1788,45275,1,1.8,30,0.445
1789,45301,3,21.0,26,0.445
1790,45348,2,11.2,47,0.444
1791,45358,1,0.6,10,0.444
1792,45368,1,0.0,10,0.444
1793,45396,2,10.9,28,0.444
1794,45414,1,0.6,18,0.444
1795,45455,2,11.0,41,0.443
1796,45478,1,1.3,23,0.443
1797,45487,1,0.5,9,0.443
1798,45514,2,11.8,27,0.442
1799,45551,5,41.5,37,0.442
1800,45580,3,21.9,29,0.442
1801,45625,2,11.6,45,0.441
1802,45633,1,0.6,8,0.441
1803,45657,3,21.2,24,0.441
1804,45664,0,-10.2,7,0.441
1805,45677,0,-9.6,13,0.44
1806,45688,1,0.7,11,0.44
1807,45717,3,21.3,29,0.44
1808,45764,5,41.9,47,0.439
1809,45773,0,-10.0,9,0.439
1810,45805,2,11.9,32,0.439
1811,45826,1,0.5,21,0.439
1812,45862,3,21.6,36,0.438
1813,45885,3,21.5,23,0.438
1814,45944,3,22.7,59,0.437
1815,45981,3,21.9,37,0.437
1816,46025,3,21.4,44,0.436
1817,46049,0,-9.9,24,0.436
1818,46083,2,11.7,34,0.435
1819,46136,2,11.6,53,0.435
1820,46168,1,1.2,32,0.434
1821,46232,3,21.4,64,0.434
1822,46263,1,0.7,31,0.433
1823,46302,2,11.2,39,0.433
1824,46311,0,-9.6,9,0.433
1825,46321,0,-9.5,10,0.433
1826,46332,0,-10.0,11,0.432
1827,46350,1,0.4,18,0.432
1828,46371,2,10.6,21,0.432
1829,46388,2,10.2,17,0.432
1830,46412,3,21.8,24,0.431
1831,46425,1,0.9,13,0.431
1832,46450,3,21.1,25,0.431
1833,46456,0,-9.7,6,0.431
1834,46481,3,21.1,25,0.431
1835,46508,3,21.9,27,0.43
1836,46518,0,-9.5,10,0.43
1837,46551,3,21.3,33,0.43
1838,46601,3,21.0,50,0.429
1839,46630,2,10.4,29,0.429
1840,46649,1,0.9,19,0.429
1841,46671,1,0.8,22,0.428
1842,46745,5,43.6,74,0.427
1843,46768,1,0.7,23,0.427
1844,46820,3,22.8,52,0.426
1845,46851,1,0.7,31,0.426
1846,46866,2,10.6,15,0.426
1847,46883,1,0.7,17,0.426
1848,46908,2,11.6,25,0.425
1849,46930,2,10.9,22,0.425
1850,46941,0,-10.2,11,0.425
1851,46949,0,-9.9,8,0.425
1852,46972,3,21.1,23,0.425
1853,46996,1,1.4,24,0.424
1854,47036,2,10.9,40,0.424
1855,47082,4,31.5,46,0.423
1856,47123,3,21.3,41,0.423
1857,47144,1,0.7,21,0.422
1858,47156,1,0.8,12,0.422
1859,47176,2,10.7,20,0.422
1860,47215,2,10.8,39,0.422
1861,47256,2,11.0,41,0.421
1862,47280,2,11.5,24,0.421
1863,47308,1,0.6,28,0.42
1864,47314,0,-9.7,6,0.42
1865,47320,0,-9.9,6,0.42
1866,47333,1,-0.1,13,0.42
1867,47378,3,21.5,45,0.42
1868,47386,0,-9.5,8,0.42
1869,47408,1,1.0,22,0.419
1870,47450,2,11.5,42,0.419
1871,47502,4,31.9,52,0.418
1872,47530,2,11.5,28,0.418
1873,47548,2,10.7,18,0.418
1874,47601,5,43.1,53,0.417
1875,47618,2,10.4,17,0.417
1876,47631,1,0.5,13,0.417
1877,47638,1,0.3,7,0.416
1878,47659,2,11.2,21,0.416
1879,47674,3,20.5,15,0.416
1880,47690,1,0.6,16,0.416
1881,47754,5,42.8,64,0.415
1882,47772,2,10.9,18,0.415
1883,47779,1,0.3,7,0.415
1884,47791,1,0.8,12,0.415
1885,47816,0,-9.6,25,0.414
1886,47856,4,31.7,40,0.414
1887,47887,2,11.8,31,0.413
1888,47917,3,21.6,30,0.413
1889,47947,3,21.4,30,0.413
1890,47979,5,42.2,32,0.412
1891,47999,1,1.4,20,0.412
1892,48012,0,-9.4,13,0.412
1893,48040,2,11.1,28,0.412
1894,48052,2,10.5,12,0.411
1895,48103,3,22.5,51,0.411
1896,48113,1,0.2,10,0.411
1897,48132,0,-9.2,19,0.41
1898,48143,1,0.7,11,0.41
1899,48237,5,44.2,94,0.409
1900,48254,0,-9.4,17,0.409
1901,48263,1,0.3,9,0.409
1902,48297,3,22.6,34,0.408
1903,48316,1,0.5,19,0.408
1904,48381,3,20.5,65,0.407
1905,48392,1,0.9,11,0.407
1906,48419,2,11.4,27,0.407
1907,48435,2,10.7,16,0.407
1908,48469,2,11.9,34,0.406
1909,48484,2,10.8,15,0.406
1910,48492,1,0.0,8,0.406
1911,48507,2,10.6,15,0.406
1912,48525,2,11.1,18,0.406
1913,48544,2,11.2,19,0.405
1914,48559,0,-10.2,15,0.405
1915,48599,2,11.3,40,0.405
1916,48648,5,42.7,49,0.404
1917,48677,2,11.8,29,0.404
1918,48685,1,0.6,8,0.404
1919,48712,4,31.6,27,0.403
1920,48758,4,32.5,46,0.403
1921,48781,3,21.3,23,0.402
1922,48850,2,11.8,69,0.402
1923,48880,2,11.5,30,0.401
1924,48927,4,32.4,47,0.401
1925,48951,1,0.6,24,0.4
1926,48982,2,11.2,31,0.4
1927,48989,1,0.5,7,0.4
1928,49002,1,0.7,13,0.4
1929,49024,2,10.9,22,0.399
1930,49073,3,21.1,49,0.399
1931,49113,4,31.7,40,0.398
1932,49127,2,10.3,14,0.398
1933,49176,5,42.3,49,0.398
1934,49193,2,11.4,17,0.397
1935,49211,3,21.0,18,0.397
1936,49222,1,0.7,11,0.397
1937,49234,2,10.5,12,0.397
1938,49245,1,0.7,11,0.397
1939,49256,2,10.4,11,0.397
1940,49264,0,-10.1,8,0.397
1941,49281,1,0.7,17,0.396
1942,49297,2,10.7,16,0.396
1943,49320,2,11.0,23,0.396
1944,49342,0,-9.5,22,0.396
1945,49359,2,10.4,17,0.395
1946,49406,3,21.5,47,0.395
1947,49418,1,0.8,12,0.395
1948,49448,3,21.2,30,0.394
1949,49456,0,-9.5,8,0.394
1950,49479,3,21.1,23,0.394
1951,49505,3,20.8,26,0.394
1952,49538,3,22.1,33,0.393
1953,49582,4,32.1,44,0.393
1954,49589,0,-9.6,7,0.393
1955,49628,3,21.9,39,0.392
1956,49639,1,0.5,11,0.392
1957,49681,3,22.6,42,0.391
1958,49699,2,10.7,18,0.391
1959,49742,3,22.1,43,0.391
1960,49767,3,20.7,25,0.39
1961,49779,0,-9.7,12,0.39
1962,49787,0,-9.5,8,0.39
1963,49796,0,-9.6,9,0.39
1964,49827,2,11.2,31,0.39
1965,49862,3,21.5,35,0.389
1966,49882,1,1.2,20,0.389
1967,49908,2,11.3,26,0.389
1968,49925,1,1.3,17,0.388
1969,49959,2,10.9,34,0.388
1970,49970,2,10.6,11,0.388
1971,49986,2,10.3,16,0.388
1972,49995,0,-9.6,9,0.388
1973,50019,2,11.1,24,0.387
1974,50042,2,11.2,23,0.387
1975,50094,4,33.7,52,0.386
1976,50111,2,10.6,17,0.386
1977,50118,0,-9.6,7,0.386
1978,50158,4,32.1,40,0.386
1979,50211,3,20.3,53,0.385
1980,50231,0,-9.5,20,0.385
1981,50271,3,22.2,40,0.384
1982,50282,0,-9.6,11,0.384
1983,50296,2,10.7,14,0.384
1984,50329,2,10.4,33,0.383
1985,50374,3,21.9,45,0.383
1986,50399,2,11.4,25,0.383
1987,50425,1,1.0,26,0.382
1988,50481,2,10.9,56,0.382
1989,50532,4,32.2,51,0.381
1990,50550,0,-9.5,18,0.381
1991,50598,4,32.5,48,0.38
1992,50625,3,21.7,27,0.38
1993,50654,3,21.7,29,0.379
1994,50686,3,22.0,32,0.379
1995,50699,2,10.8,13,0.379
1996,50721,3,21.2,22,0.379
1997,50773,4,31.5,52,0.378
1998,50804,4,31.6,31,0.378
1999,50838,3,21.8,34,0.377
2000,50850,1,0.8,12,0.377
2001,50868,2,11.3,18,0.377
2002,50903,3,21.9,35,0.376
2003,50912,0,-10.0,9,0.376
2004,50919,0,-9.8,7,0.376
2005,50926,0,-9.6,7,0.376
2006,50941,1,0.9,15,0.376
2007,50988,2,10.2,47,0.375
2008,51051,5,42.5,63,0.375
2009,51081,2,11.1,30,0.374
2010,51124,3,21.9,43,0.374
2011,51167,4,31.6,43,0.373
2012,51198,2,11.0,31,0.373
2013,51225,2,11.4,27,0.372
2014,51273,4,32.1,48,0.372
2015,51330,3,21.3,57,0.371
2016,51336,0,-9.7,6,0.371
2017,51370,2,11.5,34,0.371
2018,51382,0,-9.9,12,0.371
2019,51391,1,0.5,9,0.37
2020,51412,2,11.4,21,0.37
2021,51426,1,1.2,14,0.37
2022,51473,5,42.5,47,0.369
2023,51489,1,0.6,16,0.369
2024,51534,3,22.1,45,0.369
2025,51554,2,11.1,20,0.368
2026,51570,3,21.0,16,0.368
2027,51618,4,32.5,48,0.368
2028,51634,1,1.2,16,0.367
2029,51679,4,32.0,45,0.367
2030,51689,2,10.5,10,0.367
2031,51717,2,10.7,28,0.366
2032,51761,3,22.6,44,0.366
2033,51783,2,10.9,22,0.366
2034,51799,2,10.9,16,0.365
2035,51913,7,64.8,114,0.364
2036,51929,1,0.6,16,0.364
2037,51978,2,11.6,49,0.363
2038,52014,2,11.9,36,0.363
2039,52038,2,11.1,24,0.363
2040,52060,1,1.0,22,0.362
2041,52085,4,31.8,25,0.362
2042,52112,3,21.1,27,0.362
2043,52128,2,11.1,16,0.361
2044,52136,0,-9.7,8,0.361
2045,52176,2,11.7,40,0.361
2046,52203,2,12.0,27,0.361
2047,52225,3,21.8,22,0.36
2048,52243,1,0.6,18,0.36
2049,52251,1,0.6,8,0.36
2050,52298,2,10.4,47,0.359
2051,52348,4,32.5,50,0.359
2052,52366,1,0.8,18,0.359
2053,52400,4,32.5,34,0.358
2054,52429,1,1.1,29,0.358
2055,52452,2,11.6,23,0.357
2056,52497,4,32.4,45,0.357
2057,52505,2,10.1,8,0.357
2058,52541,3,21.8,36,0.356
2059,52565,3,21.6,24,0.356
2060,52582,3,20.7,17,0.356
2061,52602,0,-9.9,20,0.356
2062,52657,4,32.4,55,0.355
2063,52663,0,-9.7,6,0.355
2064,52678,1,0.9,15,0.355
2065,52695,3,20.9,17,0.354
2066,52732,5,42.9,37,0.354
2067,52775,3,22.3,43,0.354
2068,52804,4,32.0,29,0.353
2069,52847,5,42.5,43,0.353
2070,52860,1,0.7,13,0.352
2071,52910,4,33.3,50,0.352
2072,52966,6,52.7,56,0.351
2073,52994,4,32.1,28,0.351
2074,53032,4,31.9,38,0.35
2075,53052,2,11.3,20,0.35
2076,53086,3,21.0,34,0.35
2077,53096,0,-9.5,10,0.35
2078,53116,2,11.7,20,0.349
2079,53153,2,11.4,37,0.349
2080,53167,2,10.9,14,0.349
2081,53184,2,10.8,17,0.348
2082,53238,3,23.4,54,0.348
2083,53265,2,11.4,27,0.348
2084,53273,2,10.5,8,0.347
2085,53306,2,11.4,33,0.347
2086,53318,0,-9.7,12,0.347
2087,53358,6,52.3,40,0.346
2088,53381,2,10.8,23,0.346
2089,53417,4,31.5,36,0.346
2090,53436,2,11.4,19,0.345
2091,53447,1,0.7,11,0.345
2092,53483,2,11.7,36,0.345
2093,53518,1,1.3,35,0.344
2094,53570,4,32.5,52,0.344
2095,53608,4,32.1,38,0.343
2096,53645,2,12.6,37,0.343
2097,53656,2,10.8,11,0.343
2098,53670,2,10.5,14,0.343
2099,53699,2,12.0,29,0.342
2100,53778,9,83.7,79,0.341
2101,53790,1,0.8,12,0.341
2102,53837,5,42.3,47,0.34
2103,53888,5,41.9,51,0.34
2104,53895,0,-9.4,7,0.34
2105,53910,0,-9.6,15,0.34
2106,53950,5,42.8,40,0.339
2107,53960,0,-9.7,10,0.339
2108,53982,1,1.6,22,0.339
2109,54063,8,75.0,81,0.338
2110,54116,3,22.7,53,0.337
2111,54132,1,0.8,16,0.337
2112,54145,1,0.7,13,0.337
2113,54167,2,10.3,22,0.336
2114,54191,2,11.1,24,0.336
2115,54227,2,11.7,36,0.336
2116,54239,0,-9.7,12,0.336
2117,54277,3,21.8,38,0.335
2118,54292,2,10.6,15,0.335
2119,54328,2,11.1,36,0.334
2120,54352,2,11.7,24,0.334
2121,54374,2,10.9,22,0.334
2122,54391,0,-9.8,17,0.334
2123,54402,1,0.7,11,0.334
2124,54431,2,11.6,29,0.333
2125,54466,4,31.2,35,0.333
2126,54509,2,10.4,43,0.332
2127,54529,1,1.4,20,0.332
2128,54565,0,-9.5,36,0.332
2129,54602,3,22.5,37,0.331
2130,54622,1,1.2,20,0.331
2131,54640,2,11.1,18,0.331
2132,54653,1,0.5,13,0.331
2133,54661,1,0.6,8,0.33
2134,54678,2,11.2,17,0.33
2135,54717,4,31.6,39,0.33
2136,54751,4,31.7,34,0.329
2137,54758,0,-9.4,7,0.329
2138,54776,1,-0.2,18,0.329
2139,54809,2,11.0,33,0.329
2140,54834,2,12.2,25,0.328
2141,54845,3,20.7,11,0.328
2142,54939,9,85.8,94,0.327
2143,54977,3,21.2,38,0.327
2144,55040,9,84.7,63,0.326
2145,55062,3,20.6,22,0.325
2146,55121,7,62.5,59,0.325
2147,55133,1,0.6,12,0.325
2148,55147,0,-9.5,14,0.324
2149,55160,0,-9.4,13,0.324
2150,55167,0,-9.6,7,0.324
2151,55234,9,83.3,67,0.323
2152,55252,2,10.9,18,0.323
2153,55307,4,31.6,55,0.322
2154,55340,2,10.8,33,0.322
2155,55355,0,-9.8,15,0.322
2156,55390,2,12.0,35,0.321
2157,55465,7,64.1,75,0.321
2158,55499,3,22.0,34,0.32
2159,55505,0,-10.3,6,0.32
2160,55519,1,0.8,14,0.32
2161,55595,5,44.2,76,0.319
2162,55653,6,53.1,58,0.318
2163,55677,2,11.3,24,0.318
2164,55743,3,22.4,66,0.317
2165,55776,3,21.7,33,0.317
2166,55812,3,22.0,36,0.316
2167,55840,1,1.0,28,0.316
2168,55846,1,0.4,6,0.316
2169,55855,0,-9.6,9,0.316
2170,55864,2,10.4,9,0.316
2171,55915,5,42.5,51,0.315
2172,55946,3,21.3,31,0.315
2173,55963,2,10.8,17,0.314
2174,55986,2,11.4,23,0.314
2175,55997,0,-9.4,11,0.314
2176,56006,0,-9.6,9,0.314
2177,56013,0,-9.6,7,0.314
2178,56022,2,10.4,9,0.314
2179,56074,4,32.1,52,0.313
2180,56142,8,74.3,68,0.312
2181,56202,4,33.3,60,0.312
2182,56258,6,53.1,56,0.311
2183,56290,3,21.4,32,0.31
2184,56319,2,10.6,29,0.31
2185,56337,1,1.4,18,0.31
2186,56378,2,11.2,41,0.309
2187,56425,4,32.6,47,0.309
2188,56459,2,11.7,34,0.308
2189,56472,3,20.5,13,0.308
2190,56524,3,21.2,52,0.308
2191,56549,2,10.8,25,0.307
2192,56589,3,21.6,40,0.307
2193,56597,0,-10.1,8,0.307
2194,56652,4,32.4,55,0.306
2195,56678,1,0.2,26,0.306
2196,56695,2,11.2,17,0.305
2197,56713,1,0.8,18,0.305
2198,56767,4,32.7,54,0.305
2199,56790,3,21.7,23,0.304
2200,56816,2,11.5,26,0.304
2201,56863,4,32.6,47,0.303
2202,56917,6,52.9,54,0.303
2203,56953,4,31.5,36,0.302
2204,56966,2,10.6,13,0.302
2205,56987,0,-9.8,21,0.302
2206,56999,0,-9.3,12,0.302
2207,57013,1,0.8,14,0.302
2208,57041,2,11.3,28,0.301
2209,57080,2,11.4,39,0.301
2210,57097,2,10.8,17,0.301
2211,57104,1,0.5,7,0.3
2212,57129,3,20.9,25,0.3
2213,57161,3,21.8,32,0.3
2214,57184,2,11.0,23,0.299
2215,57200,1,1.0,16,0.299
2216,57231,1,0.9,31,0.299
2217,57239,1,0.4,8,0.299
2218,57252,0,-9.4,13,0.299
2219,57316,6,53.5,64,0.298
2220,57358,2,12.5,42,0.297
2221,57388,3,21.4,30,0.297
2222,57406,0,-9.3,18,0.297
2223,57448,4,32.7,42,0.296
2224,57515,7,63.9,67,0.295
2225,57530,2,11.2,15,0.295
2226,57540,0,-9.5,10,0.295
2227,57569,2,11.6,29,0.295
2228,57585,1,0.6,16,0.295
2229,57653,9,83.8,68,0.294
2230,57661,0,-9.7,8,0.294
2231,57691,2,11.5,30,0.293
2232,57714,1,1.3,23,0.293
2233,57813,7,64.5,99,0.292
2234,57824,1,0.7,11,0.292
2235,57870,2,10.9,46,0.291
2236,57881,1,0.7,11,0.291
2237,57929,5,43.6,48,0.29
2238,57989,7,63.8,60,0.29
2239,58056,3,21.7,67,0.289
2240,58081,2,10.4,25,0.289
2241,58102,3,21.1,21,0.288
2242,58168,7,64.2,66,0.287
2243,58227,4,33.2,59,0.287
2244,58236,0,-9.8,9,0.287
2245,58256,3,21.0,20,0.286
2246,58270,3,21.0,14,0.286
2247,58352,7,64.4,82,0.285
2248,58369,2,11.2,17,0.285
2249,58384,2,10.8,15,0.285
2250,58398,2,10.9,14,0.285
2251,58479,8,75.0,81,0.284
2252,58541,8,74.1,62,0.283
2253,58581,3,23.0,40,0.282
2254,58600,2,11.2,19,0.282
2255,58624,3,20.6,24,0.282
2256,58675,6,52.0,51,0.281
2257,58713,4,31.7,38,0.281
2258,58797,7,63.2,84,0.28
2259,58815,3,21.2,18,0.28
2260,58848,5,42.1,33,0.279
2261,58858,0,-9.5,10,0.279
2262,58891,3,21.3,33,0.279
2263,58945,4,32.9,54,0.278
2264,59012,7,62.9,67,0.277
2265,59028,2,10.7,16,0.277
2266,59089,5,43.9,61,0.276
2267,59141,5,43.6,52,0.276
2268,59217,8,74.9,76,0.275
2269,59272,5,42.9,55,0.274
2270,59295,2,11.6,23,0.274
2271,59353,5,43.4,58,0.273
2272,59364,1,0.5,11,0.273
2273,59385,1,0.9,21,0.273
2274,59429,1,1.0,44,0.272
2275,59478,6,52.6,49,0.271
2276,59490,2,10.5,12,0.271
2277,59515,2,11.4,25,0.271
2278,59540,2,11.2,25,0.271
2279,59592,4,32.3,52,0.27
2280,59646,6,53.7,54,0.269
2281,59655,0,-9.4,9,0.269
2282,59675,2,10.7,20,0.269
2283,59704,2,11.0,29,0.269
2284,59738,5,41.2,34,0.268
2285,59765,2,11.2,27,0.268
2286,59794,4,31.6,29,0.268
2287,59850,5,42.8,56,0.267
2288,59873,2,11.4,23,0.267
2289,59905,2,11.7,32,0.266
2290,59912,2,10.2,7,0.266
2291,59934,2,11.3,22,0.266
2292,59964,3,21.6,30,0.265
2293,59998,4,31.7,34,0.265
2294,60059,3,22.9,61,0.264
2295,60075,1,0.6,16,0.264
2296,60109,3,21.8,34,0.264
2297,60151,4,32.7,42,0.263
2298,60161,1,0.4,10,0.263
2299,60171,1,0.8,10,0.263
2300,60234,4,34.2,63,0.262
2301,60248,1,0.4,14,0.262
2302,60260,1,1.0,12,0.262
2303,60276,2,10.5,16,0.262
2304,60301,3,20.9,25,0.261
2305,60410,10,95.2,109,0.26
2306,60434,2,11.9,24,0.26
2307,60472,4,31.9,38,0.259
2308,60509,5,42.1,37,0.259
2309,60541,4,31.7,32,0.258
2310,60588,6,53.0,47,0.258
2311,60619,2,11.6,31,0.257
2312,60626,1,0.5,7,0.257
2313,60666,5,43.0,40,0.257
2314,60679,1,0.5,13,0.257
2315,60686,0,-9.6,7,0.257
2316,60710,2,11.5,24,0.256
2317,60737,2,10.8,27,0.256
2318,60751,1,1.2,14,0.256
2319,60765,2,10.9,14,0.256
2320,60777,2,10.5,12,0.255
2321,60793,1,1.0,16,0.255
2322,60812,2,10.4,19,0.255
2323,60845,2,11.8,33,0.255
2324,60870,2,11.4,25,0.254
2325,60892,4,31.5,22,0.254
2326,60923,5,42.5,31,0.254
2327,60931,1,0.4,8,0.254
2328,60951,3,21.4,20,0.253
2329,60994,5,42.7,43,0.253
2330,61018,2,11.1,24,0.253
2331,61026,0,-9.3,8,0.252
2332,61060,2,12.9,34,0.252
2333,61084,3,21.0,24,0.252
2334,61112,3,21.4,28,0.251
2335,61165,5,42.7,53,0.251
2336,61238,7,64.7,73,0.25
2337,61248,1,0.8,10,0.25
2338,61305,6,53.6,57,0.249
2339,61349,2,12.3,44,0.248
2340,61390,2,11.2,41,0.248
2341,61394,2,10.1,4,0.248
2342,61432,4,32.7,38,0.247
2343,61509,8,74.4,77,0.247
2344,61531,2,11.7,22,0.246
2345,61577,6,53.3,46,0.246
2346,61597,2,11.1,20,0.245
2347,61665,7,63.8,68,0.245
2348,61767,13,127.6,102,0.243
2349,61826,8,74.2,59,0.243
2350,61873,4,32.8,47,0.242
2351,61890,2,11.4,17,0.242
2352,61949,8,74.2,59,0.241
2353,61975,3,21.2,26,0.241
2354,62073,8,76.5,98,0.24
2355,62127,7,63.0,54,0.239
2356,62170,4,32.4,43,0.238
2357,62181,1,0.9,11,0.238
2358,62209,3,21.4,28,0.238
2359,62227,1,0.2,18,0.238
2360,62268,6,52.6,41,0.237
2361,62290,2,11.1,22,0.237
2362,62346,2,11.5,56,0.236
2363,62383,3,21.1,37,0.236
2364,62411,2,10.9,28,0.235
2365,62445,4,31.9,34,0.235
2366,62482,5,42.5,37,0.235
2367,62510,2,11.3,28,0.234
2368,62527,1,1.3,17,0.234
2369,62561,4,31.7,34,0.234
2370,62608,5,42.7,47,0.233
2371,62629,2,11.0,21,0.233
2372,62665,4,32.5,36,0.232
2373,62705,4,32.3,40,0.232
2374,62715,1,0.6,10,0.232
2375,62723,1,0.2,8,0.232
2376,62818,9,85.5,95,0.23
2377,62836,4,31.3,18,0.23
2378,62879,5,41.9,43,0.23
2379,62901,2,11.3,22,0.229
2380,62951,3,22.0,50,0.229
2381,62981,2,11.1,30,0.228
2382,62997,0,-9.3,16,0.228
2383,63018,2,11.4,21,0.228
2384,63033,1,0.9,15,0.228
2385,63082,7,62.9,49,0.227
2386,63098,1,0.6,16,0.227
2387,63114,1,1.2,16,0.227
2388,63135,2,11.4,21,0.227
2389,63191,6,52.9,56,0.226
2390,63212,2,10.6,21,0.226
2391,63255,4,32.4,43,0.225
2392,63269,1,0.4,14,0.225
2393,63277,1,0.6,8,0.225
2394,63300,1,1.1,23,0.225
2395,63314,1,0.4,14,0.224
2396,63384,8,74.9,70,0.224
2397,63444,5,44.6,60,0.223
2398,63460,1,0.4,16,0.223
2399,63486,5,41.4,26,0.222
2400,63532,3,23.0,46,0.222
2401,63552,2,10.7,20,0.221
2402,63595,4,32.6,43,0.221
2403,63628,4,32.4,33,0.221
2404,63675,5,42.5,47,0.22
2405,63715,4,32.7,40,0.219
2406,63759,5,42.4,44,0.219
2407,63781,3,21.8,22,0.219
2408,63858,10,95.0,77,0.218
2409,63898,3,22.4,40,0.217
2410,63916,2,10.9,18,0.217
2411,63934,2,11.3,18,0.217
2412,63963,3,21.9,29,0.216
2413,64055,9,85.2,92,0.215
2414,64064,0,-9.4,9,0.215
2415,64136,8,74.1,72,0.214
2416,64156,2,11.5,20,0.214
2417,64180,3,21.4,24,0.214
2418,64222,5,43.0,42,0.213
2419,64235,1,1.1,13,0.213
2420,64271,3,22.4,36,0.213
2421,64282,2,10.8,11,0.213
2422,64299,2,10.8,17,0.212
2423,64343,6,52.5,44,0.212
2424,64358,2,10.8,15,0.212
2425,64380,1,1.0,22,0.211
2426,64421,4,32.6,41,0.211
2427,64436,3,20.9,15,0.211
2428,64500,8,74.1,64,0.21
2429,64509,2,10.4,9,0.21
2430,64550,4,31.8,41,0.209
2431,64624,6,54.3,74,0.208
2432,64635,1,0.3,11,0.208
2433,64715,9,85.0,80,0.207
2434,64802,7,66.9,87,0.206
2435,64856,7,63.6,54,0.206
2436,64890,4,32.3,34,0.205
2437,64989,11,106.1,99,0.204
2438,64995,0,-9.5,6,0.204
2439,65005,0,-9.3,10,0.204
2440,65045,6,52.3,40,0.203
2441,65080,4,32.2,35,0.203
2442,65108,3,21.8,28,0.202
2443,65121,1,0.7,13,0.202
2444,65140,2,11.0,19,0.202
2445,65163,3,21.3,23,0.202
2446,65211,5,42.6,48,0.201
2447,65256,4,32.6,45,0.201
2448,65276,3,21.4,20,0.2
2449,65329,6,53.4,53,0.2
2450,65361,5,41.2,32,0.199
2451,65372,0,-9.4,11,0.199
2452,65422,7,63.0,50,0.199
2453,65471,5,43.3,49,0.198
2454,65550,7,65.1,79,0.197
2455,65578,2,11.1,28,0.197
2456,65609,4,32.2,31,0.196
2457,65614,1,0.3,5,0.196
2458,65639,2,11.8,25,0.196
2459,65660,3,21.1,21,0.196
2460,65712,4,33.1,52,0.195
2461,65724,1,0.6,12,0.195
2462,65782,7,63.2,58,0.194
2463,65824,4,32.9,42,0.194
2464,65881,7,63.3,57,0.193
2465,65890,0,-9.4,9,0.193
2466,65929,5,42.3,39,0.192
2467,65953,4,31.3,24,0.192
2468,65986,4,31.2,33,0.192
2469,66030,6,51.9,44,0.191
2470,66039,0,-9.6,9,0.191
2471,66064,3,21.1,25,0.191
2472,66070,0,-9.7,6,0.191
2473,66150,10,95.7,80,0.19
2474,66200,6,53.1,50,0.189
2475,66217,1,1.1,17,0.189
2476,66273,5,42.2,56,0.188
2477,66313,3,22.4,40,0.188
2478,66334,2,11.6,21,0.187
2479,66352,2,10.5,18,0.187
2480,66379,4,31.6,27,0.187
2481,66430,4,33.6,51,0.186
2482,66441,2,10.2,11,0.186
2483,66466,3,21.3,25,0.186
2484,66502,3,21.8,36,0.185
2485,66524,2,11.3,22,0.185
2486,66573,5,42.5,49,0.184
2487,66599,2,11.1,26,0.184
2488,66664,7,63.1,65,0.183
2489,66701,2,11.6,37,0.183
2490,66717,1,1.2,16,0.183
2491,66735,3,21.0,18,0.182
2492,66761,6,51.7,26,0.182
2493,66833,8,74.1,72,0.181
2494,66850,2,11.0,17,0.181
2495,66949,8,75.6,99,0.18
2496,66971,3,21.2,22,0.18
2497,67010,6,52.6,39,0.179
2498,67020,0,-9.5,10,0.179
2499,67028,0,-9.7,8,0.179
2500,67055,2,10.8,27,0.179
2501,67121,8,73.7,66,0.178
2502,67132,1,0.3,11,0.178
2503,67187,5,43.1,55,0.177
2504,67282,11,106.3,95,0.176
2505,67424,14,138.3,142,0.174
2506,67453,3,21.9,29,0.174
2507,67514,7,63.9,61,0.173
2508,67577,9,83.7,63,0.172
2509,67691,11,106.8,114,0.171
2510,67730,2,12.8,39,0.17
2511,67754,3,21.2,24,0.17
2512,67785,4,31.8,31,0.17
2513,67873,10,95.5,88,0.169
2514,67889,1,0.8,16,0.168
2515,67898,1,0.7,9,0.168
2516,68004,11,107.4,106,0.167
2517,68030,3,22.0,26,0.167
2518,68045,1,0.7,15,0.166
2519,68076,5,42.1,31,0.166
2520,68160,8,75.3,84,0.165
2521,68172,2,10.1,12,0.165
2522,68258,8,74.7,86,0.164
2523,68337,11,105.5,79,0.163
2524,68366,3,21.9,29,0.163
2525,68445,7,64.9,79,0.162
2526,68507,8,74.1,62,0.161
2527,68514,1,0.5,7,0.161
2528,68536,2,11.1,22,0.16
2529,68575,7,62.3,39,0.16
2530,68633,7,63.0,58,0.159
2531,68688,6,53.0,55,0.159
2532,68712,2,11.5,24,0.158
2533,68738,2,11.3,26,0.158
2534,68758,2,11.3,20,0.158
2535,68794,4,32.3,36,0.157
2536,68845,3,23.1,51,0.157
2537,68916,9,85.1,71,0.156
2538,68939,3,21.1,23,0.155
2539,68998,6,53.4,59,0.155
2540,69031,4,32.2,33,0.154
2541,69099,9,84.2,68,0.154
2542,69128,3,22.1,29,0.153
2543,69144,1,1.0,16,0.153
2544,69191,3,22.7,47,0.152
2545,69300,14,135.8,109,0.151
2546,69377,8,75.2,77,0.15
2547,69391,2,10.5,14,0.15
2548,69413,2,10.9,22,0.15
2549,69450,6,52.4,37,0.149
2550,69492,4,32.7,42,0.149
2551,69522,4,32.3,30,0.148
2552,69543,3,21.3,21,0.148
2553,69600,6,54.4,57,0.147
2554,69623,4,31.6,23,0.147
2555,69671,4,33.1,48,0.147
2556,69743,8,74.9,72,0.146
2557,69799,7,64.2,56,0.145
2558,69857,6,54.3,58,0.144
2559,69890,7,62.5,33,0.144
2560,69932,4,32.9,42,0.143
2561,69959,3,21.7,27,0.143
2562,69993,5,42.2,34,0.143
2563,70174,20,201.6,181,0.14
2564,70196,3,21.8,22,0.14
2565,70213,3,20.9,17,0.14
2566,70255,5,42.8,42,0.139
2567,70324,8,74.0,69,0.139
2568,70387,8,74.0,63,0.138
2569,70475,13,125.8,88,0.137
2570,70568,14,136.2,93,0.136
2571,70636,7,64.8,68,0.135
2572,70667,4,32.2,31,0.134
2573,70728,6,53.2,61,0.134
2574,70741,2,10.6,13,0.133
2575,70770,4,31.8,29,0.133
2576,70809,3,21.7,39,0.133
2577,70864,4,32.8,55,0.132
2578,70872,1,0.4,8,0.132
2579,70925,4,33.8,53,0.131
2580,70954,4,31.8,29,0.131
2581,70970,4,31.1,16,0.131
2582,70985,1,0.1,15,0.13
2583,71012,2,11.4,27,0.13
2584,71121,13,127.5,109,0.129
2585,71163,6,52.1,42,0.128
2586,71266,14,138.0,103,0.127
2587,71289,4,31.6,23,0.127
2588,71394,9,87.1,105,0.125
2589,71480,10,96.5,86,0.124
2590,71586,13,126.0,106,0.123
2591,71617,4,31.4,31,0.123
2592,71676,5,44.1,59,0.122
2593,71693,2,11.2,17,0.122
2594,71784,12,115.6,91,0.121
2595,71855,9,85.1,71,0.12
2596,71929,7,65.0,74,0.119
2597,72080,16,160.6,151,0.117
2598,72100,3,21.2,20,0.117
2599,72132,3,22.4,32,0.116
2600,72220,12,116.7,88,0.115
2601,72243,4,31.8,23,0.115
2602,72314,9,84.9,71,0.114
2603,72327,1,0.1,13,0.114
2604,72390,6,53.4,63,0.113
2605,72487,10,96.4,97,0.112
2606,72537,6,53.3,50,0.111
2607,72579,7,62.8,42,0.111
2608,72587,1,0.4,8,0.111
2609,72594,0,-9.4,7,0.111
2610,72613,3,20.9,19,0.11
2611,72658,5,41.9,45,0.11
2612,72770,14,138.3,112,0.109
2613,72817,4,33.6,47,0.108
2614,72960,14,140.2,143,0.106
2615,72973,1,0.5,13,0.106
2616,73050,9,85.5,77,0.105
2617,73167,11,109.7,117,0.104
2618,73204,5,42.9,37,0.103
2619,73297,8,76.6,93,0.102
2620,73337,3,21.4,40,0.102
2621,73357,2,11.5,20,0.101
2622,73462,9,87.9,105,0.1
2623,73468,0,-9.5,6,0.1
2624,73519,5,44.1,51,0.099
2625,73542,2,12.0,23,0.099
2626,73578,5,43.0,36,0.099
2627,73681,11,106.3,103,0.097
2628,73704,2,11.4,23,0.097
2629,73803,12,117.8,99,0.096
2630,73850,6,52.2,47,0.095
2631,73982,14,138.1,132,0.094
2632,74032,6,53.9,50,0.093
2633,74037,0,-9.6,5,0.093
2634,74138,8,76.6,101,0.092
2635,74174,4,32.5,36,0.091
2636,74196,3,21.2,22,0.091
2637,74311,14,139.0,115,0.09
2638,74350,5,42.9,39,0.089
2639,74431,9,85.5,81,0.088
2640,74443,3,20.8,12,0.088
2641,74523,12,115.9,80,0.087
2642,74562,5,42.9,39,0.087
2643,74610,5,43.4,48,0.086
2644,74694,11,105.8,84,0.085
2645,74793,14,137.2,99,0.084
2646,74826,3,22.1,33,0.083
2647,74953,16,159.0,127,0.082
2648,75073,17,167.4,120,0.08
2649,75124,5,44.5,51,0.08
2650,75178,8,73.9,54,0.079
2651,75262,9,86.6,84,0.078
2652,75301,4,32.4,39,0.078
2653,75336,4,32.6,35,0.077
2654,75433,13,127.1,97,0.076
2655,75488,10,93.8,55,0.075
2656,75508,3,21.2,20,0.075
2657,75595,14,136.4,87,0.074
2658,75627,2,12.3,32,0.074
2659,75641,1,1.2,14,0.073
2660,75659,3,21.2,18,0.073
2661,75696,4,32.8,37,0.073
2662,75720,3,21.8,24,0.072
2663,75779,6,54.6,59,0.072
2664,75849,10,95.1,70,0.071
2665,75878,2,12.4,29,0.07
2666,75915,7,62.9,37,0.07
2667,76021,16,157.1,106,0.069
2668,76157,17,170.2,136,0.067
2669,76242,10,94.8,85,0.066
2670,76271,2,12.6,29,0.066
2671,76338,11,104.9,67,0.065
2672,76390,7,63.8,52,0.064
2673,76486,13,126.8,96,0.063
2674,76620,16,160.7,134,0.061
2675,76665,6,53.0,45,0.061
2676,76799,14,139.5,134,0.059
2677,76907,14,137.7,108,0.058
2678,76977,9,85.0,70,0.057
2679,77051,12,115.3,74,0.056
2680,77126,12,115.8,75,0.055
2681,77174,6,52.5,48,0.055
2682,77264,11,107.6,90,0.054
2683,77352,9,86.6,88,0.052
2684,77409,9,83.9,57,0.052
2685,77436,5,42.1,27,0.051
2686,77611,20,204.4,175,0.049
2687,77695,10,96.1,84,0.048
2688,77732,7,61.7,37,0.048
2689,77796,7,64.6,64,0.047
2690,77823,3,21.7,27,0.047
2691,77835,2,10.7,12,0.047
2692,77908,6,55.2,73,0.046
2693,77921,2,11.0,13,0.045
2694,77954,4,31.4,33,0.045
2695,78134,22,221.7,180,0.043
2696,78185,4,34.2,51,0.042
2697,78202,3,21.1,17,0.042
2698,78228,3,21.6,26,0.042
2699,78249,3,21.7,21,0.041
2700,78295,5,43.6,46,0.041
2701,78344,7,63.5,49,0.04
2702,78376,4,32.7,32,0.04
2703,78473,18,177.6,97,0.039
2704,78507,3,22.6,34,0.038
2705,78596,10,96.2,89,0.037
2706,78692,12,117.5,96,0.036
2707,78726,7,62.6,34,0.036
2708,78872,16,159.9,146,0.034
2709,78926,9,83.8,54,0.033
2710,78986,8,74.5,60,0.032
2711,79081,11,107.9,95,0.031
2712,79126,6,53.4,45,0.031
2713,79212,15,146.8,86,0.03
2714,79399,20,202.6,187,0.027
2715,79493,10,97.9,94,0.026
2716,79547,8,74.1,54,0.026
2717,79609,7,65.0,62,0.025
2718,79656,8,73.4,47,0.024
2719,79778,16,158.7,122,0.023
2720,79935,19,190.9,157,0.021
2721,79964,5,42.3,29,0.02
2722,80038,10,95.9,74,0.02
2723,80127,13,126.1,89,0.02
2724,80207,12,116.1,80,0.02
2725,80398,24,244.4,191,0.02
2726,80452,8,74.1,54,0.02
2727,80608,18,181.3,156,0.02
2728,80710,14,138.1,102,0.02
2729,80872,22,223.3,162,0.02
2730,80901,5,42.3,29,0.02
2731,81049,18,182.5,148,0.02
2732,81170,10,99.0,121,0.02
2733,81239,9,84.9,69,0.02
2734,81245,0,-9.5,6,0.02
2735,81349,18,177.1,104,0.02
2736,81366,2,11.2,17,0.02
2737,81423,7,64.7,57,0.02
2738,81448,5,41.1,25,0.02
2739,81582,20,199.7,134,0.02
2740,81662,10,94.1,80,0.02
2741,81717,8,73.6,55,0.02
2742,81766,7,63.7,49,0.02
2743,81835,8,74.6,69,0.02
2744,82156,29,299.3,321,0.02
2745,82244,15,147.0,88,0.02
2746,82369,15,149.5,125,0.02
2747,82397,3,22.0,28,0.02
2748,82500,15,148.3,103,0.02
2749,82538,6,53.1,38,0.02
2750,82667,18,179.4,129,0.02
2751,82718,8,73.4,51,0.02
2752,82808,9,87.6,90,0.02
2753,82867,8,74.4,59,0.02
2754,82986,15,148.7,119,0.02
2755,83169,22,222.8,183,0.02
2756,83248,11,106.3,79,0.02
2757,83283,5,42.5,35,0.02
2758,83497,26,265.7,214,0.02
2759,83621,16,159.7,124,0.02
2760,83678,10,94.4,57,0.02
2761,83852,20,203.9,174,0.02
2762,83912,6,54.7,60,0.02
2763,84071,18,181.8,159,0.02
2764,84181,14,138.5,110,0.02
2765,84283,13,126.4,102,0.02
2766,84388,13,127.7,105,0.02
2767,84524,14,141.1,136,0.02
2768,84536,2,10.9,12,0.02
2769,84615,8,76.0,79,0.02
2770,84704,11,105.7,89,0.02
2771,84848,16,160.9,144,0.02
2772,84946,13,128.2,98,0.02
2773,85112,24,242.5,166,0.02
2774,85217,17,168.7,105,0.02
2775,85381,20,201.3,164,0.02
2776,85461,11,105.6,80,0.02
2777,85661,23,234.2,200,0.02
2778,85754,12,116.8,93,0.02
2779,85840,11,106.8,86,0.02
2780,85900,8,74.9,60,0.02
2781,86034,15,148.0,134,0.02
2782,86120,11,106.8,86,0.02
2783,86158,5,42.8,38,0.02
2784,86185,6,51.8,27,0.02
2785,86326,16,161.4,141,0.02
2786,86439,14,138.2,113,0.02
2787,86584,20,202.0,145,0.02
2788,86721,19,190.1,137,0.02
2789,86839,14,140.3,118,0.02
2790,86944,15,148.1,105,0.02
2791,87004,7,64.8,60,0.02
2792,87047,3,23.7,43,0.02
2793,87058,2,10.8,11,0.02
2794,87153,12,117.2,95,0.02
2795,87183,2,11.3,30,0.02
2796,87256,12,115.2,73,0.02
2797,87281,4,31.8,25,0.02
2798,87337,7,64.2,56,0.02
2799,87607,29,295.6,270,0.02
2800,87636,3,22.3,29,0.02
2801,87778,17,169.0,142,0.02
2802,87896,15,149.8,118,0.02
2803,88095,20,202.2,199,0.02
2804,88183,10,97.3,88,0.02
2805,88249,8,75.7,66,0.02
2806,88367,14,139.1,118,0.02
2807,88433,8,75.7,66,0.02
2808,88596,21,212.7,163,0.02
2809,88623,4,31.8,27,0.02
2810,88699,10,96.1,76,0.02
2811,88872,21,213.5,173,0.02
2812,88941,7,65.5,69,0.02
2813,89193,26,264.7,252,0.02
2814,89277,10,95.9,84,0.02
2815,89366,9,87.3,89,0.02
2816,89383,4,31.2,17,0.02
2817,89462,9,86.1,79,0.02
2818,89559,14,137.0,97,0.02
2819,89689,18,179.3,130,0.02
2820,89747,8,74.1,58,0.02
2821,89870,19,189.1,123,0.02
2822,89983,15,148.3,113,0.02
2823,90127,17,171.8,144,0.02
2824,90420,32,328.6,293,0.02
2825,90461,5,43.3,41,0.02
2826,90480,2,11.2,19,0.02
2827,90655,19,191.9,175,0.02
2828,90854,26,265.6,199,0.02
2829,90922,9,85.4,68,0.02
2830,91143,22,223.8,221,0.02
2831,91217,9,86.0,74,0.02
2832,91323,15,146.8,106,0.02
2833,91457,14,140.3,134,0.02
2834,91473,2,11.3,16,0.02
2835,91753,25,258.6,280,0.02
2836,91865,12,116.5,112,0.02
2837,92111,27,274.2,246,0.02
2838,92514,40,414.8,403,0.02
2839,92653,15,149.5,139,0.02
2840,92803,22,221.7,150,0.02
2841,93034,30,302.2,231,0.02
2842,93090,9,84.6,56,0.02
2843,93241,16,161.2,151,0.02
2844,93275,5,42.4,34,0.02
2845,93371,15,147.6,96,0.02
2846,93403,5,42.0,32,0.02
2847,93486,10,95.8,83,0.02
2848,93716,30,305.9,230,0.02
2849,93972,29,297.4,256,0.02
2850,93987,3,21.1,15,0.02
2851,93998,2,10.8,11,0.02
2852,94046,5,44.2,48,0.02
2853,94123,11,104.9,77,0.02
2854,94270,16,158.8,147,0.02
2855,94462,18,181.9,192,0.02
2856,94646,18,180.9,184,0.02
2857,94848,22,224.7,202,0.02
2858,95052,20,202.5,204,0.02
2859,95137,13,126.5,85,0.02
2860,95267,13,127.0,130,0.02
2861,95347,11,106.4,80,0.02
2862,95543,25,253.2,196,0.02
2863,95559,3,21.2,16,0.02
2864,95649,11,107.0,90,0.02
2865,95817,20,200.7,168,0.02
2866,95842,3,21.7,25,0.02
2867,95935,15,147.7,93,0.02
2868,96045,15,149.0,110,0.02
2869,96128,13,126.3,83,0.02
2870,96145,2,11.2,17,0.02
2871,96256,15,148.7,111,0.02
2872,96381,16,158.2,125,0.02
2873,96503,21,207.6,122,0.02
2874,96555,7,64.2,52,0.02
2875,96658,15,147.3,103,0.02
2876,96716,11,104.4,58,0.02
2877,96897,23,234.5,181,0.02
2878,96930,5,42.7,33,0.02
2879,96980,6,53.1,50,0.02
2880,97212,26,265.9,232,0.02
2881,97328,14,138.5,116,0.02
2882,97408,10,95.7,80,0.02
2883,97502,11,106.2,94,0.02
2884,97520,4,31.3,18,0.02
2885,97540,2,11.3,20,0.02
2886,97579,6,53.0,39,0.02
2887,97723,16,160.3,144,0.02
2888,97754,5,42.5,31,0.02
2889,97792,4,32.5,38,0.02
2890,97873,13,126.5,81,0.02
2891,98009,17,169.2,136,0.02
2892,98034,3,22.1,25,0.02
2893,98088,8,73.5,54,0.02
2894,98122,5,41.2,34,0.02
2895,98177,9,84.3,55,0.02
2896,98248,10,95.2,71,0.02
2897,98395,18,180.8,147,0.02
2898,98598,24,245.8,203,0.02
2899,98655,7,64.9,57,0.02
2900,98684,5,41.9,29,0.02
2901,98885,21,211.9,201,0.02
2902,98966,8,74.8,81,0.02
2903,99016,8,73.5,50,0.02
2904,99024,2,10.5,8,0.02
2905,99376,36,370.7,352,0.02
2906,99507,21,208.7,131,0.02
2907,99642,19,189.9,135,0.02
2908,99698,8,74.5,56,0.02
2909,99848,18,181.5,150,0.02
2910,99917,10,95.2,69,0.02
2911,99952,3,22.3,35,0.02
2912,99975,3,21.7,23,0.02
2913,100019,8,73.5,44,0.02
2914,100074,7,64.7,55,0.02
2915,100115,6,53.2,41,0.02
2916,100159,7,63.6,44,0.02
2917,100250,15,146.3,91,0.02
2918,100280,3,22.6,30,0.02
2919,100353,11,105.9,73,0.02
2920,100664,31,318.7,311,0.02
2921,100809,18,181.0,145,0.02
2922,100864,6,53.4,55,0.02
2923,100873,1,0.7,9,0.02
2924,101011,20,201.7,138,0.02
2925,101139,14,137.3,128,0.02
2926,101176,5,43.1,37,0.02
2927,101270,10,97.5,94,0.02
2928,101455,22,221.4,185,0.02
2929,101638,19,190.7,183,0.02
2930,101813,21,212.9,175,0.02
2931,101904,10,96.2,91,0.02
2932,102088,24,241.9,184,0.02
2933,102450,35,360.0,362,0.02
2934,102506,8,74.5,56,0.02
2935,102637,13,127.9,131,0.02
2936,102732,10,98.0,95,0.02
2937,102842,12,116.5,110,0.02
2938,102961,19,188.3,119,0.02
2939,103071,13,128.0,110,0.02
2940,103279,21,213.8,208,0.02
2941,103288,2,10.6,9,0.02
2942,103306,3,21.4,18,0.02
2943,103356,7,63.6,50,0.02
2944,103497,17,170.3,141,0.02
2945,103506,1,0.7,9,0.02
2946,103515,1,0.7,9,0.02
2947,103574,8,73.8,59,0.02
2948,103617,6,52.2,43,0.02
2949,103752,20,200.2,135,0.02
2950,103887,17,168.1,135,0.02
2951,104076,21,211.7,189,0.02
2952,104169,11,104.9,93,0.02
2953,104204,6,52.8,35,0.02
2954,104253,6,53.6,49,0.02
2955,104390,14,139.6,137,0.02
2956,104411,2,11.6,21,0.02
2957,104465,7,64.4,54,0.02
2958,104634,19,192.5,169,0.02
2959,104756,13,129.6,122,0.02
2960,104927,19,191.5,171,0.02
2961,104983,7,64.8,56,0.02
2962,105118,14,139.0,135,0.02
2963,105261,15,152.3,143,0.02
2964,105605,34,350.7,344,0.02
2965,105902,27,275.3,297,0.02
2966,106035,13,130.9,133,0.02
2967,106407,33,336.0,372,0.02
2968,106553,18,180.9,146,0.02
2969,106659,13,128.2,106,0.02
2970,106808,18,180.0,149,0.02
2971,106878,11,105.4,70,0.02
2972,106946,8,75.3,68,0.02
2973,107131,22,225.2,185,0.02
2974,107186,7,64.5,55,0.02
2975,107547,29,298.7,361,0.02
2976,107571,3,21.4,24,0.02
2977,107985,42,434.3,414,0.02
2978,108235,29,295.0,250,0.02
2979,108304,11,105.3,69,0.02
2980,108510,26,262.3,206,0.02
2981,108651,14,137.2,141,0.02
2982,108909,22,223.9,258,0.02
2983,109255,32,327.7,346,0.02
2984,109459,30,305.7,204,0.02
2985,109596,16,159.6,137,0.02
2986,109744,17,170.0,148,0.02
2987,109905,22,221.6,161,0.02
2988,109941,5,42.6,36,0.02
2989,110249,34,346.1,308,0.02
2990,110321,8,75.9,72,0.02
2991,110511,20,203.9,190,0.02
2992,110584,8,76.0,73,0.02
2993,110730,17,171.0,146,0.02
2994,110964,26,264.3,234,0.02
2995,111050,11,107.0,86,0.02
2996,111307,29,295.7,257,0.02
2997,111331,3,22.0,24,0.02
2998,111580,29,293.9,249,0.02
2999,111896,27,276.8,316,0.02
3000,112079,17,170.9,183,0.02
3001,112261,23,231.8,182,0.02
3002,112456,25,253.9,195,0.02
3003,112823,30,308.0,367,0.02
3004,113093,25,255.6,270,0.02
3005,113226,17,170.1,133,0.02
3006,113542,32,327.9,316,0.02
3007,113719,19,190.9,177,0.02
3008,114089,33,341.2,370,0.02
3009,114267,17,171.2,178,0.02
3010,114494,23,233.7,227,0.02
3011,114874,36,373.1,380,0.02
3012,115072,21,215.2,198,0.02
3013,115212,17,168.2,140,0.02
3014,115371,18,182.2,159,0.02
3015,115678,30,308.8,307,0.02
3016,115904,25,255.6,226,0.02
3017,115911,2,10.4,7,0.02
3018,115989,11,105.4,78,0.02
3019,116006,3,21.3,17,0.02
3020,116061,10,94.4,55,0.02
3021,116236,23,233.9,175,0.02
3022,116594,31,318.8,358,0.02
3023,116875,32,327.8,281,0.02
3024,116987,15,148.8,112,0.02
3025,117114,15,150.7,127,0.02
3026,117259,16,159.8,145,0.02
3027,117425,17,169.8,166,0.02
3028,117477,5,44.6,52,0.02
3029,117660,23,230.3,183,0.02
3030,118012,34,347.7,352,0.02
3031,118207,23,230.5,195,0.02
3032,118264,7,63.5,57,0.02
3033,118384,16,158.3,120,0.02
3034,118518,21,210.8,134,0.02
3035,118709,22,221.0,191,0.02
3036,118893,25,251.6,184,0.02
3037,119063,19,190.2,170,0.02
3038,119212,15,150.3,149,0.02
3039,119454,26,267.5,242,0.02
3040,119707,28,285.6,253,0.02
3041,119884,20,202.0,177,0.02
3042,119935,8,74.0,51,0.02
3043,120019,11,106.8,84,0.02
3044,120100,14,135.8,81,0.02
3045,120117,2,11.4,17,0.02
3046,120364,25,257.7,247,0.02
3047,120487,15,148.5,123,0.02
3048,120640,17,171.1,153,0.02
3049,120812,17,169.2,172,0.02
3050,120939,15,145.5,127,0.02
3051,121108,15,151.3,169,0.02
3052,121265,21,209.5,157,0.02
3053,121276,1,0.9,11,0.02
3054,121581,30,308.4,305,0.02
3055,121848,26,264.4,267,0.02
3056,122160,38,390.9,312,0.02
3057,122268,11,107.4,108,0.02
3058,122373,14,137.0,105,0.02
3059,122703,33,341.0,330,0.02
3060,122917,22,223.3,214,0.02
3061,122943,3,22.2,26,0.02
3062,123162,26,261.8,219,0.02
3063,123498,27,278.2,336,0.02
3064,123725,22,223.2,227,0.02
3065,123902,20,199.8,177,0.02
3066,124146,21,211.4,244,0.02
3067,124321,18,180.8,175,0.02
3068,124557,26,264.3,236,0.02
3069,124961,35,360.4,404,0.02
3070,125139,20,202.9,178,0.02
3071,125163,2,12.1,24,0.02
3072,125202,6,53.0,39,0.02
3073,125421,22,223.8,219,0.02
3074,125581,22,220.7,160,0.02
3075,125678,13,128.1,97,0.02
3076,125819,18,179.6,141,0.02
3077,126212,36,372.4,393,0.02
3078,126354,17,169.2,142,0.02
3079,126559,26,265.6,205,0.02
3080,126630,9,85.1,71,0.02
3081,126682,7,64.4,52,0.02
3082,126742,7,64.8,60,0.02
3083,126917,20,200.6,175,0.02
3084,127136,21,214.5,219,0.02
3085,127431,23,235.5,295,0.02
3086,127638,23,233.9,207,0.02
3087,128042,38,395.7,404,0.02
3088,128280,28,284.9,238,0.02
3089,128483,24,242.8,203,0.02
3090,128926,34,351.8,443,0.02
3091,128947,3,21.7,21,0.02
3092,129204,26,264.0,257,0.02
3093,129410,22,222.3,206,0.02
3094,129526,14,139.7,116,0.02
3095,129807,28,285.2,281,0.02
3096,129953,20,201.3,146,0.02
3097,130104,17,171.1,151,0.02
3098,130199,16,156.4,95,0.02
3099,130495,27,277.0,296,0.02
3100,130666,19,190.7,171,0.02
3101,130831,20,199.4,165,0.02
3102,130961,17,169.0,130,0.02
3103,131128,21,212.1,167,0.02
3104,131295,20,201.4,167,0.02
3105,131462,18,179.8,167,0.02
3106,131899,36,371.6,437,0.02
3107,132032,16,159.8,133,0.02
3108,132409,34,346.8,377,0.02
3109,132627,29,294.2,218,0.02
3110,132643,2,10.9,16,0.02
3111,132709,10,95.3,66,0.02
3112,132768,7,64.3,59,0.02
3113,133154,36,371.3,386,0.02
3114,133497,31,315.5,343,0.02
3115,133520,2,12.0,23,0.02
3116,133951,41,421.9,431,0.02
3117,134174,24,242.6,223,0.02
3118,134513,36,369.2,339,0.02
3119,134739,25,252.8,226,0.02
3120,134845,15,148.4,106,0.02
3121,135189,28,284.7,344,0.02
3122,135375,24,242.9,186,0.02
3123,135589,24,244.9,214,0.02
3124,135646,8,74.6,57,0.02
3125,135916,32,327.3,270,0.02
3126,136067,19,191.9,151,0.02
3127,136111,3,23.6,44,0.02
3128,136202,11,106.1,91,0.02
3129,136572,35,359.2,370,0.02
3130,136903,34,350.0,331,0.02
3131,137041,15,147.8,138,0.02
3132,137315,26,264.9,274,0.02
3133,137537,25,255.8,222,0.02
3134,137804,31,316.5,267,0.02
3135,138073,37,378.3,269,0.02
3136,138130,6,55.0,57,0.02
3137,138375,26,268.2,245,0.02
3138,138458,12,116.2,83,0.02
3139,138754,30,305.7,296,0.02
3140,139051,27,277.1,297,0.02
3141,139177,15,149.6,126,0.02
3142,139454,29,298.1,277,0.02
3143,139507,8,73.4,53,0.02
3144,139607,14,136.9,100,0.02
3145,139865,28,287.1,258,0.02
3146,140047,18,179.9,182,0.02
3147,140325,32,327.1,278,0.02
3148,140403,13,126.0,78,0.02
3149,140720,30,304.0,317,0.02
3150,140965,28,284.8,245,0.02
3151,141234,23,236.1,269,0.02
3152,141353,17,169.1,119,0.02
3153,141485,16,159.7,132,0.02
3154,141613,18,179.5,128,0.02
3155,141864,28,290.6,251,0.02
3156,142132,27,278.2,268,0.02
3157,142203,11,104.9,71,0.02
3158,142465,24,245.9,262,0.02
3159,142596,17,170.9,131,0.02
3160,142798,21,213.4,202,0.02
3161,143025,24,240.8,227,0.02
3162,143307,32,326.9,282,0.02
3163,143316,1,0.7,9,0.02
3164,143575,22,225.0,259,0.02
3165,143682,12,119.0,107,0.02
3166,144014,33,340.8,332,0.02
3167,144205,21,214.1,191,0.02
3168,144413,20,200.9,208,0.02
3169,144788,39,404.1,375,0.02
3170,144808,2,11.5,20,0.02
3171,144981,22,222.6,173,0.02
3172,145219,27,273.0,238,0.02
3173,145448,27,276.9,229,0.02
3174,145701,29,297.9,253,0.02
3175,145820,16,158.0,119,0.02
3176,145942,15,149.2,122,0.02
3177,146213,27,278.7,271,0.02
3178,146516,33,338.9,303,0.02
3179,146749,25,254.7,233,0.02
3180,146813,8,75.1,64,0.02
3181,147008,24,243.6,195,0.02
3182,147372,32,328.5,364,0.02
3183,147379,0,-9.4,7,0.02
3184,147408,3,22.5,29,0.02
3185,147614,21,211.8,206,0.02
3186,147831,25,255.5,217,0.02
3187,148099,28,286.5,268,0.02
3188,148323,24,243.5,224,0.02
3189,148492,19,189.5,169,0.02
3190,148551,6,54.2,59,0.02
3191,148756,23,235.1,205,0.02
3192,149007,33,338.1,251,0.02
3193,149257,28,283.7,250,0.02
3194,149551,28,287.7,294,0.02
3195,149649,13,126.6,98,0.02
3196,149737,14,136.3,88,0.02
3197,149857,15,149.8,120,0.02
3198,149863,1,0.4,6,0.02
3199,150320,35,361.7,457,0.02
3200,150538,22,225.9,218,0.02
3201,150730,23,232.4,192,0.02
3202,150795,9,85.5,65,0.02
3203,151239,37,383.4,444,0.02
3204,151324,12,116.4,85,0.02
3205,151574,30,307.1,250,0.02
3206,151728,18,179.7,154,0.02
3207,152115,42,430.4,387,0.02
3208,152191,10,95.5,76,0.02
3209,152488,29,294.9,297,0.02
3210,152641,18,182.8,153,0.02
3211,152939,28,286.9,298,0.02
3212,152966,4,32.0,27,0.02
3213,152977,3,20.7,11,0.02
3214,153282,29,297.5,305,0.02
3215,153531,31,315.7,249,0.02
3216,153622,12,116.2,91,0.02
3217,153987,35,362.7,365,0.02
3218,154227,21,213.2,240,0.02
3219,154588,30,307.2,361,0.02
3220,154798,21,214.6,210,0.02
3221,155106,25,255.8,308,0.02
3222,155301,24,244.2,195,0.02
3223,155406,16,156.8,105,0.02
3224,155613,24,243.8,207,0.02
3225,155856,27,278.1,243,0.02
3226,156241,27,274.7,385,0.02
3227,156432,24,244.2,191,0.02
3228,156494,7,63.2,62,0.02
3229,156906,34,345.5,412,0.02
3230,157056,21,211.4,150,0.02
3231,157189,16,158.2,133,0.02
3232,157536,38,392.4,347,0.02
3233,157690,17,171.0,154,0.02
3234,157918,24,244.5,228,0.02
3235,157958,6,53.3,40,0.02
3236,158243,29,293.9,285,0.02
3237,158399,18,180.7,156,0.02
3238,158595,25,251.6,196,0.02
3239,158972,34,349.2,377,0.02
3240,159063,13,126.3,91,0.02
3241,159282,25,253.7,219,0.02
3242,159418,16,160.7,136,0.02
3243,159626,22,222.5,208,0.02
3244,159908,33,337.2,282,0.02
3245,159959,7,63.7,51,0.02
3246,159995,4,32.3,36,0.02
3247,160478,43,442.5,483,0.02
3248,160512,3,23.0,34,0.02
3249,160902,34,348.9,390,0.02
3250,161061,16,161.0,159,0.02
3251,161256,19,194.5,195,0.02
3252,161577,32,331.6,321,0.02
3253,161654,11,105.1,77,0.02
3254,161801,18,178.4,147,0.02
3255,161902,11,106.1,101,0.02
3256,162127,27,274.7,225,0.02
3257,162260,15,148.7,133,0.02
3258,162655,34,349.8,395,0.02
3259,162830,21,212.9,175,0.02
3260,162991,18,181.2,161,0.02
3261,163084,13,127.1,93,0.02
3262,163237,19,190.3,153,0.02
3263,163398,19,192.3,161,0.02
3264,163419,2,11.8,21,0.02
3265,163439,4,31.5,20,0.02
3266,163575,17,171.0,136,0.02
3267,163623,4,34.1,48,0.02
3268,163684,9,85.1,61,0.02
3269,163949,23,232.5,265,0.02
3270,164033,9,87.4,84,0.02
3271,164285,26,264.3,252,0.02
3272,164399,15,148.4,114,0.02
3273,164411,2,10.9,12,0.02
3274,164649,27,275.8,238,0.02
3275,164840,18,183.0,191,0.02
3276,164888,8,72.5,48,0.02
3277,165064,22,221.5,176,0.02
3278,165093,3,22.5,29,0.02
3279,165186,11,105.9,93,0.02
3280,165642,40,414.5,456,0.02
3281,166012,34,348.5,370,0.02
3282,166272,33,337.6,260,0.02
3283,166381,14,138.0,109,0.02
3284,166715,31,319.6,334,0.02
3285,166901,23,234.4,186,0.02
3286,167228,33,340.3,327,0.02
3287,167632,36,370.3,404,0.02
3288,167766,15,151.6,134,0.02
3289,167798,5,42.6,32,0.02
3290,168062,27,279.8,264,0.02
3291,168230,21,213.4,168,0.02
3292,168244,2,11.1,14,0.02
3293,168912,46,481.7,668,0.02
3294,169041,16,160.2,129,0.02
3295,169316,29,296.3,275,0.02
3296,169487,20,201.0,171,0.02
3297,169838,30,304.4,351,0.02
3298,170012,21,211.8,174,0.02
3299,170205,24,245.0,193,0.02
3300,170358,18,181.0,153,0.02
3301,170494,21,208.6,136,0.02
3302,170715,26,264.6,221,0.02
3303,170896,17,170.9,181,0.02
3304,171171,34,348.4,275,0.02
3305,171493,34,347.9,322,0.02
3306,171739,25,252.2,246,0.02
3307,171811,14,135.3,72,0.02
3308,171987,22,223.3,176,0.02
3309,171997,1,0.8,10,0.02
3310,172016,2,11.6,19,0.02
3311,172370,35,362.4,354,0.02
3312,172400,6,52.1,30,0.02
3313,172642,24,244.7,242,0.02
3314,172703,7,64.5,61,0.02
3315,172858,18,182.2,155,0.02
3316,172956,12,117.5,98,0.02
3317,173174,21,212.2,218,0.02
3318,173457,24,239.2,283,0.02
3319,173664,24,245.6,207,0.02
3320,173761,12,118.2,97,0.02
3321,173896,18,180.0,135,0.02
3322,174175,31,317.3,279,0.02
3323,174283,17,167.4,108,0.02
3324,174663,35,360.0,380,0.02
3325,174767,7,66.6,104,0.02
3326,174896,12,118.4,129,0.02
3327,175149,28,284.4,253,0.02
3328,175405,25,254.4,256,0.02
3329,175555,20,202.3,150,0.02
3330,175775,25,255.2,220,0.02
3331,175926,16,161.8,151,0.02
3332,176277,37,382.3,351,0.02
3333,176579,31,316.6,302,0.02
3334,176919,36,368.9,340,0.02
3335,177405,37,383.4,486,0.02
3336,177731,35,357.0,326,0.02
3337,177882,21,210.3,151,0.02
3338,177983,11,105.5,101,0.02
3339,178345,32,329.9,362,0.02
3340,178576,23,234.5,231,0.02
3341,178662,11,105.2,86,0.02
3342,179157,37,378.5,495,0.02
3343,179289,18,178.7,132,0.02
3344,179543,29,296.2,254,0.02
3345,179565,2,11.7,22,0.02
3346,179829,21,213.2,264,0.02
3347,180182,31,317.9,353,0.02
3348,180685,50,518.2,503,0.02
3349,180923,24,243.1,238,0.02
3350,181205,32,327.7,282,0.02
3351,181228,1,0.7,23,0.02
3352,181304,6,56.5,76,0.02
3353,181803,35,362.5,499,0.02
3354,181935,14,136.7,132,0.02
3355,182185,25,253.2,250,0.02
3356,182459,25,259.2,274,0.02
3357,182719,29,299.2,260,0.02
3358,182902,25,251.7,183,0.02
3359,183086,24,242.7,184,0.02
3360,183426,34,349.1,340,0.02
3361,183495,9,85.5,69,0.02
3362,183523,3,22.0,28,0.02
3363,183827,33,338.6,304,0.02
3364,183875,9,83.4,48,0.02
3365,184206,32,328.8,331,0.02
3366,184242,5,43.0,36,0.02
3367,184343,15,148.1,101,0.02
3368,184467,17,167.8,124,0.02
3369,184711,21,215.0,244,0.02
3370,184926,19,193.5,215,0.02
3371,185227,28,285.2,301,0.02
3372,185452,21,215.5,225,0.02
3373,185534,9,85.0,82,0.02
3374,185542,2,10.5,8,0.02
3375,185656,17,168.6,114,0.02
3376,185790,16,161.1,134,0.02
3377,186062,30,306.5,272,0.02
3378,186069,0,-9.4,7,0.02
3379,186124,6,53.4,55,0.02
3380,186423,26,266.0,299,0.02
3381,186496,11,106.1,73,0.02
3382,186610,9,87.4,114,0.02
3383,186946,26,267.9,336,0.02
3384,187050,13,127.2,104,0.02
3385,187211,19,192.5,161,0.02
3386,187467,30,304.9,256,0.02
3387,187597,17,169.6,130,0.02
3388,187745,21,211.2,148,0.02
3389,187963,16,160.9,218,0.02
3390,188289,31,317.6,326,0.02
3391,188691,42,432.5,402,0.02
3392,189047,33,341.0,356,0.02
3393,189185,17,169.8,138,0.02
3394,189208,2,12.0,23,0.02
3395,189652,37,386.0,444,0.02
3396,189762,17,168.2,110,0.02
3397,190083,34,348.4,321,0.02
3398,190147,11,105.0,64,0.02
3399,190449,26,264.7,302,0.02
3400,190624,21,212.5,175,0.02
3401,190641,2,11.4,17,0.02
3402,190730,16,156.2,89,0.02
3403,191052,32,327.1,322,0.02
3404,191298,28,285.7,246,0.02
3405,191687,36,369.8,389,0.02
3406,191795,14,137.7,108,0.02
3407,191976,23,230.1,181,0.02
3408,192107,16,159.2,131,0.02
3409,192134,3,22.3,27,0.02
3410,192352,24,241.3,218,0.02
3411,192447,10,98.0,95,0.02
3412,192691,28,286.3,244,0.02
3413,193046,40,411.2,355,0.02
3414,193210,17,172.8,164,0.02
3415,193383,18,181.4,173,0.02
3416,193504,18,178.6,121,0.02
3417,193779,27,274.3,275,0.02
3418,194134,31,318.9,355,0.02
3419,194391,32,328.4,257,0.02
3420,194407,3,21.2,16,0.02
3421,194505,14,138.3,98,0.02
3422,194593,11,106.2,88,0.02
3423,194704,14,137.6,111,0.02
3424,195046,29,297.2,342,0.02
3425,195341,30,305.0,295,0.02
3426,195588,30,305.4,247,0.02
3427,195602,3,21.0,14,0.02
3428,195737,19,188.3,135,0.02
3429,195858,13,128.3,121,0.02
3430,195918,7,65.0,60,0.02
3431,196035,15,148.3,117,0.02
3432,196315,31,319.4,280,0.02
3433,196527,25,254.4,212,0.02
3434,196681,17,169.8,154,0.02
3435,196855,20,200.5,174,0.02
3436,197088,21,214.5,233,0.02
3437,197288,20,203.5,200,0.02
3438,197513,23,230.1,225,0.02
3439,197672,19,192.3,159,0.02
3440,197875,24,243.6,203,0.02
3441,198116,24,242.6,241,0.02
3442,198254,15,150.8,138,0.02
3443,198583,27,277.1,329,0.02
3444,198743,21,211.2,160,0.02
3445,199052,27,277.3,309,0.02
3446,199432,32,330.9,380,0.02
3447,199806,38,392.3,374,0.02
3448,199846,5,43.4,40,0.02
